,PassengerId,Survived,Pclass,Age,Fare,FSize,Sex_male,Emb_Q,Emb_S,Prefix_Miss,Prefix_Mr,Prefix_Mrs,Prefix_Officer,Prefix_Royalty,Cabin_B,Cabin_C,Cabin_D,Cabin_E,Cabin_F,Cabin_G,Cabin_T,Cabin_n
0,1,0,3,22.0,7.25,2,1,0,1,0,1,0,0,0,0,0,0,0,0,0,0,1
1,2,1,1,38.0,71.2833,2,0,0,0,0,0,1,0,0,0,1,0,0,0,0,0,0
2,3,1,3,26.0,7.925,1,0,0,1,1,0,0,0,0,0,0,0,0,0,0,0,1
3,4,1,1,35.0,53.1,2,0,0,1,0,0,1,0,0,0,1,0,0,0,0,0,0
4,5,0,3,35.0,8.05,1,1,0,1,0,1,0,0,0,0,0,0,0,0,0,0,1
5,6,0,3,26.0,8.4583,1,1,1,0,0,1,0,0,0,0,0,0,0,0,0,0,1
6,7,0,1,54.0,51.8625,1,1,0,1,0,1,0,0,0,0,0,0,1,0,0,0,0
7,8,0,3,2.0,21.075,5,1,0,1,0,0,0,0,0,0,0,0,0,0,0,0,1
8,9,1,3,27.0,11.1333,3,0,0,1,0,0,1,0,0,0,0,0,0,0,0,0,1
9,10,1,2,14.0,30.0708,2,0,0,0,0,0,1,0,0,0,0,0,0,0,0,0,1
10,11,1,3,4.0,16.7,3,0,0,1,1,0,0,0,0,0,0,0,0,0,1,0,0
11,12,1,1,58.0,26.55,1,0,0,1,1,0,0,0,0,0,1,0,0,0,0,0,0
12,13,0,3,20.0,8.05,1,1,0,1,0,1,0,0,0,0,0,0,0,0,0,0,1
13,14,0,3,39.0,31.275,7,1,0,1,0,1,0,0,0,0,0,0,0,0,0,0,1
14,15,0,3,14.0,7.8542,1,0,0,1,1,0,0,0,0,0,0,0,0,0,0,0,1
15,16,1,2,55.0,16.0,1,0,0,1,0,0,1,0,0,0,0,0,0,0,0,0,1
16,17,0,3,2.0,29.125,6,1,1,0,0,0,0,0,0,0,0,0,0,0,0,0,1
17,18,1,2,31.0,13.0,1,1,0,1,0,1,0,0,0,0,0,0,0,0,0,0,1
18,19,0,3,31.0,18.0,2,0,0,1,0,0,1,0,0,0,0,0,0,0,0,0,1
19,20,1,3,31.0,7.225,1,0,0,0,0,0,1,0,0,0,0,0,0,0,0,0,1
20,21,0,2,35.0,26.0,1,1,0,1,0,1,0,0,0,0,0,0,0,0,0,0,1
21,22,1,2,34.0,13.0,1,1,0,1,0,1,0,0,0,0,0,1,0,0,0,0,0
22,23,1,3,15.0,8.0292,1,0,1,0,1,0,0,0,0,0,0,0,0,0,0,0,1
23,24,1,1,28.0,35.5,1,1,0,1,0,1,0,0,0,0,0,0,0,0,0,0,0
24,25,0,3,8.0,21.075,5,0,0,1,1,0,0,0,0,0,0,0,0,0,0,0,1
25,26,1,3,38.0,31.3875,7,0,0,1,0,0,1,0,0,0,0,0,0,0,0,0,1
26,27,0,3,26.0,7.225,1,1,0,0,0,1,0,0,0,0,0,0,0,0,0,0,1
27,28,0,1,19.0,263.0,6,1,0,1,0,1,0,0,0,0,1,0,0,0,0,0,0
28,29,1,3,18.0,7.8792,1,0,1,0,1,0,0,0,0,0,0,0,0,0,0,0,1
29,30,0,3,26.0,7.8958,1,1,0,1,0,1,0,0,0,0,0,0,0,0,0,0,1
30,31,0,1,40.0,27.7208,1,1,0,0,0,0,0,0,1,0,0,0,0,0,0,0,1
31,32,1,1,40.0,146.5208,2,0,0,0,0,0,1,0,0,1,0,0,0,0,0,0,0
32,33,1,3,18.0,7.75,1,0,1,0,1,0,0,0,0,0,0,0,0,0,0,0,1
33,34,0,2,66.0,10.5,1,1,0,1,0,1,0,0,0,0,0,0,0,0,0,0,1
34,35,0,1,28.0,82.1708,2,1,0,0,0,1,0,0,0,0,0,0,0,0,0,0,1
35,36,0,1,42.0,52.0,2,1,0,1,0,1,0,0,0,0,0,0,0,0,0,0,1
36,37,1,3,26.0,7.2292,1,1,0,0,0,1,0,0,0,0,0,0,0,0,0,0,1
37,38,0,3,21.0,8.05,1,1,0,1,0,1,0,0,0,0,0,0,0,0,0,0,1
38,39,0,3,18.0,18.0,3,0,0,1,1,0,0,0,0,0,0,0,0,0,0,0,1
39,40,1,3,14.0,11.2417,2,0,0,0,1,0,0,0,0,0,0,0,0,0,0,0,1
40,41,0,3,40.0,9.475,2,0,0,1,0,0,1,0,0,0,0,0,0,0,0,0,1
41,42,0,2,27.0,21.0,2,0,0,1,0,0,1,0,0,0,0,0,0,0,0,0,1
42,43,0,3,26.0,7.8958,1,1,0,0,0,1,0,0,0,0,0,0,0,0,0,0,1
43,44,1,2,3.0,41.5792,4,0,0,0,1,0,0,0,0,0,0,0,0,0,0,0,1
44,45,1,3,19.0,7.8792,1,0,1,0,1,0,0,0,0,0,0,0,0,0,0,0,1
45,46,0,3,26.0,8.05,1,1,0,1,0,1,0,0,0,0,0,0,0,0,0,0,1
46,47,0,3,26.0,15.5,2,1,1,0,0,1,0,0,0,0,0,0,0,0,0,0,1
47,48,1,3,18.0,7.75,1,0,1,0,1,0,0,0,0,0,0,0,0,0,0,0,1
48,49,0,3,26.0,21.6792,3,1,0,0,0,1,0,0,0,0,0,0,0,0,0,0,1
49,50,0,3,18.0,17.8,2,0,0,1,0,0,1,0,0,0,0,0,0,0,0,0,1
50,51,0,3,7.0,39.6875,6,1,0,1,0,0,0,0,0,0,0,0,0,0,0,0,1
51,52,0,3,21.0,7.8,1,1,0,1,0,1,0,0,0,0,0,0,0,0,0,0,1
52,53,1,1,49.0,76.7292,2,0,0,0,0,0,1,0,0,0,0,1,0,0,0,0,0
53,54,1,2,29.0,26.0,2,0,0,1,0,0,1,0,0,0,0,0,0,0,0,0,1
54,55,0,1,65.0,61.9792,2,1,0,0,0,1,0,0,0,1,0,0,0,0,0,0,0
55,56,1,1,40.0,35.5,1,1,0,1,0,1,0,0,0,0,1,0,0,0,0,0,0
56,57,1,2,21.0,10.5,1,0,0,1,1,0,0,0,0,0,0,0,0,0,0,0,1
57,58,0,3,28.5,7.2292,1,1,0,0,0,1,0,0,0,0,0,0,0,0,0,0,1
58,59,1,2,5.0,27.75,4,0,0,1,1,0,0,0,0,0,0,0,0,0,0,0,1
59,60,0,3,11.0,46.9,8,1,0,1,0,0,0,0,0,0,0,0,0,0,0,0,1
60,61,0,3,22.0,7.2292,1,1,0,0,0,1,0,0,0,0,0,0,0,0,0,0,1
61,62,1,1,38.0,80.0,1,0,0,1,1,0,0,0,0,1,0,0,0,0,0,0,0
62,63,0,1,45.0,83.475,2,1,0,1,0,1,0,0,0,0,1,0,0,0,0,0,0
63,64,0,3,4.0,27.9,6,1,0,1,0,0,0,0,0,0,0,0,0,0,0,0,1
64,65,0,1,40.0,27.7208,1,1,0,0,0,1,0,0,0,0,0,0,0,0,0,0,1
65,66,1,3,4.0,15.2458,3,1,0,0,0,0,0,0,0,0,0,0,0,0,0,0,1
66,67,1,2,29.0,10.5,1,0,0,1,0,0,1,0,0,0,0,0,0,1,0,0,0
67,68,0,3,19.0,8.1583,1,1,0,1,0,1,0,0,0,0,0,0,0,0,0,0,1
68,69,1,3,17.0,7.925,7,0,0,1,1,0,0,0,0,0,0,0,0,0,0,0,1
69,70,0,3,26.0,8.6625,3,1,0,1,0,1,0,0,0,0,0,0,0,0,0,0,1
70,71,0,2,32.0,10.5,1,1,0,1,0,1,0,0,0,0,0,0,0,0,0,0,1
71,72,0,3,16.0,46.9,8,0,0,1,1,0,0,0,0,0,0,0,0,0,0,0,1
72,73,0,2,21.0,73.5,1,1,0,1,0,1,0,0,0,0,0,0,0,0,0,0,1
73,74,0,3,26.0,14.4542,2,1,0,0,0,1,0,0,0,0,0,0,0,0,0,0,1
74,75,1,3,32.0,56.4958,1,1,0,1,0,1,0,0,0,0,0,0,0,0,0,0,1
75,76,0,3,25.0,7.65,1,1,0,1,0,1,0,0,0,0,0,0,0,1,0,0,0
76,77,0,3,26.0,7.8958,1,1,0,1,0,1,0,0,0,0,0,0,0,0,0,0,1
77,78,0,3,26.0,8.05,1,1,0,1,0,1,0,0,0,0,0,0,0,0,0,0,1
78,79,1,2,0.83,29.0,3,1,0,1,0,0,0,0,0,0,0,0,0,0,0,0,1
79,80,1,3,30.0,12.475,1,0,0,1,1,0,0,0,0,0,0,0,0,0,0,0,1
80,81,0,3,22.0,9.0,1,1,0,1,0,1,0,0,0,0,0,0,0,0,0,0,1
81,82,1,3,29.0,9.5,1,1,0,1,0,1,0,0,0,0,0,0,0,0,0,0,1
82,83,1,3,18.0,7.7875,1,0,1,0,1,0,0,0,0,0,0,0,0,0,0,0,1
83,84,0,1,28.0,47.1,1,1,0,1,0,1,0,0,0,0,0,0,0,0,0,0,1
84,85,1,2,17.0,10.5,1,0,0,1,1,0,0,0,0,0,0,0,0,0,0,0,1
85,86,1,3,33.0,15.85,4,0,0,1,0,0,1,0,0,0,0,0,0,0,0,0,1
86,87,0,3,16.0,34.375,5,1,0,1,0,1,0,0,0,0,0,0,0,0,0,0,1
87,88,0,3,26.0,8.05,1,1,0,1,0,1,0,0,0,0,0,0,0,0,0,0,1
88,89,1,1,23.0,263.0,6,0,0,1,1,0,0,0,0,0,1,0,0,0,0,0,0
89,90,0,3,24.0,8.05,1,1,0,1,0,1,0,0,0,0,0,0,0,0,0,0,1
90,91,0,3,29.0,8.05,1,1,0,1,0,1,0,0,0,0,0,0,0,0,0,0,1
91,92,0,3,20.0,7.8542,1,1,0,1,0,1,0,0,0,0,0,0,0,0,0,0,1
92,93,0,1,46.0,61.175,2,1,0,1,0,1,0,0,0,0,0,0,1,0,0,0,0
93,94,0,3,26.0,20.575,4,1,0,1,0,1,0,0,0,0,0,0,0,0,0,0,1
94,95,0,3,59.0,7.25,1,1,0,1,0,1,0,0,0,0,0,0,0,0,0,0,1
95,96,0,3,26.0,8.05,1,1,0,1,0,1,0,0,0,0,0,0,0,0,0,0,1
96,97,0,1,71.0,34.6542,1,1,0,0,0,1,0,0,0,0,0,0,0,0,0,0,0
97,98,1,1,23.0,63.3583,2,1,0,0,0,1,0,0,0,0,0,1,0,0,0,0,0
98,99,1,2,34.0,23.0,2,0,0,1,0,0,1,0,0,0,0,0,0,0,0,0,1
99,100,0,2,34.0,26.0,2,1,0,1,0,1,0,0,0,0,0,0,0,0,0,0,1
100,101,0,3,28.0,7.8958,1,0,0,1,1,0,0,0,0,0,0,0,0,0,0,0,1
101,102,0,3,26.0,7.8958,1,1,0,1,0,1,0,0,0,0,0,0,0,0,0,0,1
102,103,0,1,21.0,77.2875,2,1,0,1,0,1,0,0,0,0,0,1,0,0,0,0,0
103,104,0,3,33.0,8.6542,1,1,0,1,0,1,0,0,0,0,0,0,0,0,0,0,1
104,105,0,3,37.0,7.925,3,1,0,1,0,1,0,0,0,0,0,0,0,0,0,0,1
105,106,0,3,28.0,7.8958,1,1,0,1,0,1,0,0,0,0,0,0,0,0,0,0,1
106,107,1,3,21.0,7.65,1,0,0,1,1,0,0,0,0,0,0,0,0,0,0,0,1
107,108,1,3,26.0,7.775,1,1,0,1,0,1,0,0,0,0,0,0,0,0,0,0,1
108,109,0,3,38.0,7.8958,1,1,0,1,0,1,0,0,0,0,0,0,0,0,0,0,1
109,110,1,3,18.0,24.15,2,0,1,0,1,0,0,0,0,0,0,0,0,0,0,0,1
110,111,0,1,47.0,52.0,1,1,0,1,0,1,0,0,0,0,1,0,0,0,0,0,0
111,112,0,3,14.5,14.4542,2,0,0,0,1,0,0,0,0,0,0,0,0,0,0,0,1
112,113,0,3,22.0,8.05,1,1,0,1,0,1,0,0,0,0,0,0,0,0,0,0,1
113,114,0,3,20.0,9.825,2,0,0,1,1,0,0,0,0,0,0,0,0,0,0,0,1
114,115,0,3,17.0,14.4583,1,0,0,0,1,0,0,0,0,0,0,0,0,0,0,0,1
115,116,0,3,21.0,7.925,1,1,0,1,0,1,0,0,0,0,0,0,0,0,0,0,1
116,117,0,3,70.5,7.75,1,1,1,0,0,1,0,0,0,0,0,0,0,0,0,0,1
117,118,0,2,29.0,21.0,2,1,0,1,0,1,0,0,0,0,0,0,0,0,0,0,1
118,119,0,1,24.0,247.5208,2,1,0,0,0,1,0,0,0,1,0,0,0,0,0,0,0
119,120,0,3,2.0,31.275,7,0,0,1,1,0,0,0,0,0,0,0,0,0,0,0,1
120,121,0,2,21.0,73.5,3,1,0,1,0,1,0,0,0,0,0,0,0,0,0,0,1
121,122,0,3,26.0,8.05,1,1,0,1,0,1,0,0,0,0,0,0,0,0,0,0,1
122,123,0,2,32.5,30.0708,2,1,0,0,0,1,0,0,0,0,0,0,0,0,0,0,1
123,124,1,2,32.5,13.0,1,0,0,1,1,0,0,0,0,0,0,0,1,0,0,0,0
124,125,0,1,54.0,77.2875,2,1,0,1,0,1,0,0,0,0,0,1,0,0,0,0,0
125,126,1,3,12.0,11.2417,2,1,0,0,0,0,0,0,0,0,0,0,0,0,0,0,1
126,127,0,3,26.0,7.75,1,1,1,0,0,1,0,0,0,0,0,0,0,0,0,0,1
127,128,1,3,24.0,7.1417,1,1,0,1,0,1,0,0,0,0,0,0,0,0,0,0,1
128,129,1,3,18.0,22.3583,3,0,0,0,1,0,0,0,0,0,0,0,0,1,0,0,0
129,130,0,3,45.0,6.975,1,1,0,1,0,1,0,0,0,0,0,0,0,0,0,0,1
130,131,0,3,33.0,7.8958,1,1,0,0,0,1,0,0,0,0,0,0,0,0,0,0,1
131,132,0,3,20.0,7.05,1,1,0,1,0,1,0,0,0,0,0,0,0,0,0,0,1
132,133,0,3,47.0,14.5,2,0,0,1,0,0,1,0,0,0,0,0,0,0,0,0,1
133,134,1,2,29.0,26.0,2,0,0,1,0,0,1,0,0,0,0,0,0,0,0,0,1
134,135,0,2,25.0,13.0,1,1,0,1,0,1,0,0,0,0,0,0,0,0,0,0,1
135,136,0,2,23.0,15.0458,1,1,0,0,0,1,0,0,0,0,0,0,0,0,0,0,1
136,137,1,1,19.0,26.2833,3,0,0,1,1,0,0,0,0,0,0,1,0,0,0,0,0
137,138,0,1,37.0,53.1,2,1,0,1,0,1,0,0,0,0,1,0,0,0,0,0,0
138,139,0,3,16.0,9.2167,1,1,0,1,0,1,0,0,0,0,0,0,0,0,0,0,1
139,140,0,1,24.0,79.2,1,1,0,0,0,1,0,0,0,1,0,0,0,0,0,0,0
140,141,0,3,31.0,15.2458,3,0,0,0,0,0,1,0,0,0,0,0,0,0,0,0,1
141,142,1,3,22.0,7.75,1,0,0,1,1,0,0,0,0,0,0,0,0,0,0,0,1
142,143,1,3,24.0,15.85,2,0,0,1,0,0,1,0,0,0,0,0,0,0,0,0,1
143,144,0,3,19.0,6.75,1,1,1,0,0,1,0,0,0,0,0,0,0,0,0,0,1
144,145,0,2,18.0,11.5,1,1,0,1,0,1,0,0,0,0,0,0,0,0,0,0,1
145,146,0,2,19.0,36.75,3,1,0,1,0,1,0,0,0,0,0,0,0,0,0,0,1
146,147,1,3,27.0,7.7958,1,1,0,1,0,1,0,0,0,0,0,0,0,0,0,0,1
147,148,0,3,9.0,34.375,5,0,0,1,1,0,0,0,0,0,0,0,0,0,0,0,1
148,149,0,2,36.5,26.0,3,1,0,1,0,1,0,0,0,0,0,0,0,1,0,0,0
149,150,0,2,42.0,13.0,1,1,0,1,0,0,0,1,0,0,0,0,0,0,0,0,1
150,151,0,2,51.0,12.525,1,1,0,1,0,0,0,1,0,0,0,0,0,0,0,0,1
151,152,1,1,22.0,66.6,2,0,0,1,0,0,1,0,0,0,1,0,0,0,0,0,0
152,153,0,3,55.5,8.05,1,1,0,1,0,1,0,0,0,0,0,0,0,0,0,0,1
153,154,0,3,40.5,14.5,3,1,0,1,0,1,0,0,0,0,0,0,0,0,0,0,1
154,155,0,3,26.0,7.3125,1,1,0,1,0,1,0,0,0,0,0,0,0,0,0,0,1
155,156,0,1,51.0,61.3792,2,1,0,0,0,1,0,0,0,0,0,0,0,0,0,0,1
156,157,1,3,16.0,7.7333,1,0,1,0,1,0,0,0,0,0,0,0,0,0,0,0,1
157,158,0,3,30.0,8.05,1,1,0,1,0,1,0,0,0,0,0,0,0,0,0,0,1
158,159,0,3,26.0,8.6625,1,1,0,1,0,1,0,0,0,0,0,0,0,0,0,0,1
159,160,0,3,4.0,69.55,11,1,0,1,0,0,0,0,0,0,0,0,0,0,0,0,1
160,161,0,3,44.0,16.1,2,1,0,1,0,1,0,0,0,0,0,0,0,0,0,0,1
161,162,1,2,40.0,15.75,1,0,0,1,0,0,1,0,0,0,0,0,0,0,0,0,1
162,163,0,3,26.0,7.775,1,1,0,1,0,1,0,0,0,0,0,0,0,0,0,0,1
163,164,0,3,17.0,8.6625,1,1,0,1,0,1,0,0,0,0,0,0,0,0,0,0,1
164,165,0,3,1.0,39.6875,6,1,0,1,0,0,0,0,0,0,0,0,0,0,0,0,1
165,166,1,3,9.0,20.525,3,1,0,1,0,0,0,0,0,0,0,0,0,0,0,0,1
166,167,1,1,40.0,55.0,2,0,0,1,0,0,1,0,0,0,0,0,1,0,0,0,0
167,168,0,3,45.0,27.9,6,0,0,1,0,0,1,0,0,0,0,0,0,0,0,0,1
168,169,0,1,40.0,25.925,1,1,0,1,0,1,0,0,0,0,0,0,0,0,0,0,1
169,170,0,3,28.0,56.4958,1,1,0,1,0,1,0,0,0,0,0,0,0,0,0,0,1
170,171,0,1,61.0,33.5,1,1,0,1,0,1,0,0,0,1,0,0,0,0,0,0,0
171,172,0,3,4.0,29.125,6,1,1,0,0,0,0,0,0,0,0,0,0,0,0,0,1
172,173,1,3,1.0,11.1333,3,0,0,1,1,0,0,0,0,0,0,0,0,0,0,0,1
173,174,0,3,21.0,7.925,1,1,0,1,0,1,0,0,0,0,0,0,0,0,0,0,1
174,175,0,1,56.0,30.6958,1,1,0,0,0,1,0,0,0,0,0,0,0,0,0,0,0
175,176,0,3,18.0,7.8542,3,1,0,1,0,1,0,0,0,0,0,0,0,0,0,0,1
176,177,0,3,4.0,25.4667,5,1,0,1,0,0,0,0,0,0,0,0,0,0,0,0,1
177,178,0,1,50.0,28.7125,1,0,0,0,1,0,0,0,0,0,1,0,0,0,0,0,0
178,179,0,2,30.0,13.0,1,1,0,1,0,1,0,0,0,0,0,0,0,0,0,0,1
179,180,0,3,36.0,0.0,1,1,0,1,0,1,0,0,0,0,0,0,0,0,0,0,1
180,181,0,3,18.0,69.55,11,0,0,1,1,0,0,0,0,0,0,0,0,0,0,0,1
181,182,0,2,31.0,15.05,1,1,0,0,0,1,0,0,0,0,0,0,0,0,0,0,1
182,183,0,3,9.0,31.3875,7,1,0,1,0,0,0,0,0,0,0,0,0,0,0,0,1
183,184,1,2,1.0,39.0,4,1,0,1,0,0,0,0,0,0,0,0,0,1,0,0,0
184,185,1,3,4.0,22.025,3,0,0,1,1,0,0,0,0,0,0,0,0,0,0,0,1
185,186,0,1,40.0,50.0,1,1,0,1,0,1,0,0,0,0,0,0,0,0,0,0,0
186,187,1,3,31.0,15.5,2,0,1,0,0,0,1,0,0,0,0,0,0,0,0,0,1
187,188,1,1,45.0,26.55,1,1,0,1,0,1,0,0,0,0,0,0,0,0,0,0,1
188,189,0,3,40.0,15.5,3,1,1,0,0,1,0,0,0,0,0,0,0,0,0,0,1
189,190,0,3,36.0,7.8958,1,1,0,1,0,1,0,0,0,0,0,0,0,0,0,0,1
190,191,1,2,32.0,13.0,1,0,0,1,0,0,1,0,0,0,0,0,0,0,0,0,1
191,192,0,2,19.0,13.0,1,1,0,1,0,1,0,0,0,0,0,0,0,0,0,0,1
192,193,1,3,19.0,7.8542,2,0,0,1,1,0,0,0,0,0,0,0,0,0,0,0,1
193,194,1,2,3.0,26.0,3,1,0,1,0,0,0,0,0,0,0,0,0,1,0,0,0
194,195,1,1,44.0,27.7208,1,0,0,0,0,0,1,0,0,1,0,0,0,0,0,0,0
195,196,1,1,58.0,146.5208,1,0,0,0,1,0,0,0,0,1,0,0,0,0,0,0,0
196,197,0,3,26.0,7.75,1,1,1,0,0,1,0,0,0,0,0,0,0,0,0,0,1
197,198,0,3,42.0,8.4042,2,1,0,1,0,1,0,0,0,0,0,0,0,0,0,0,1
198,199,1,3,18.0,7.75,1,0,1,0,1,0,0,0,0,0,0,0,0,0,0,0,1
199,200,0,2,24.0,13.0,1,0,0,1,1,0,0,0,0,0,0,0,0,0,0,0,1
200,201,0,3,28.0,9.5,1,1,0,1,0,1,0,0,0,0,0,0,0,0,0,0,1
201,202,0,3,26.0,69.55,11,1,0,1,0,1,0,0,0,0,0,0,0,0,0,0,1
202,203,0,3,34.0,6.4958,1,1,0,1,0,1,0,0,0,0,0,0,0,0,0,0,1
203,204,0,3,45.5,7.225,1,1,0,0,0,1,0,0,0,0,0,0,0,0,0,0,1
204,205,1,3,18.0,8.05,1,1,0,1,0,1,0,0,0,0,0,0,0,0,0,0,1
205,206,0,3,2.0,10.4625,2,0,0,1,1,0,0,0,0,0,0,0,0,0,1,0,0
206,207,0,3,32.0,15.85,2,1,0,1,0,1,0,0,0,0,0,0,0,0,0,0,1
207,208,1,3,26.0,18.7875,1,1,0,0,0,1,0,0,0,0,0,0,0,0,0,0,1
208,209,1,3,16.0,7.75,1,0,1,0,1,0,0,0,0,0,0,0,0,0,0,0,1
209,210,1,1,40.0,31.0,1,1,0,0,0,1,0,0,0,0,0,0,0,0,0,0,0
210,211,0,3,24.0,7.05,1,1,0,1,0,1,0,0,0,0,0,0,0,0,0,0,1
211,212,1,2,35.0,21.0,1,0,0,1,1,0,0,0,0,0,0,0,0,0,0,0,1
212,213,0,3,22.0,7.25,1,1,0,1,0,1,0,0,0,0,0,0,0,0,0,0,1
213,214,0,2,30.0,13.0,1,1,0,1,0,1,0,0,0,0,0,0,0,0,0,0,1
214,215,0,3,26.0,7.75,2,1,1,0,0,1,0,0,0,0,0,0,0,0,0,0,1
215,216,1,1,31.0,113.275,2,0,0,0,1,0,0,0,0,0,0,1,0,0,0,0,0
216,217,1,3,27.0,7.925,1,0,0,1,1,0,0,0,0,0,0,0,0,0,0,0,1
217,218,0,2,42.0,27.0,2,1,0,1,0,1,0,0,0,0,0,0,0,0,0,0,1
218,219,1,1,32.0,76.2917,1,0,0,0,1,0,0,0,0,0,0,1,0,0,0,0,0
219,220,0,2,30.0,10.5,1,1,0,1,0,1,0,0,0,0,0,0,0,0,0,0,1
220,221,1,3,16.0,8.05,1,1,0,1,0,1,0,0,0,0,0,0,0,0,0,0,1
221,222,0,2,27.0,13.0,1,1,0,1,0,1,0,0,0,0,0,0,0,0,0,0,1
222,223,0,3,51.0,8.05,1,1,0,1,0,1,0,0,0,0,0,0,0,0,0,0,1
223,224,0,3,26.0,7.8958,1,1,0,1,0,1,0,0,0,0,0,0,0,0,0,0,1
224,225,1,1,38.0,90.0,2,1,0,1,0,1,0,0,0,0,1,0,0,0,0,0,0
225,226,0,3,22.0,9.35,1,1,0,1,0,1,0,0,0,0,0,0,0,0,0,0,1
226,227,1,2,19.0,10.5,1,1,0,1,0,1,0,0,0,0,0,0,0,0,0,0,1
227,228,0,3,20.5,7.25,1,1,0,1,0,1,0,0,0,0,0,0,0,0,0,0,1
228,229,0,2,18.0,13.0,1,1,0,1,0,1,0,0,0,0,0,0,0,0,0,0,1
229,230,0,3,18.0,25.4667,5,0,0,1,1,0,0,0,0,0,0,0,0,0,0,0,1
230,231,1,1,35.0,83.475,2,0,0,1,0,0,1,0,0,0,1,0,0,0,0,0,0
231,232,0,3,29.0,7.775,1,1,0,1,0,1,0,0,0,0,0,0,0,0,0,0,1
232,233,0,2,59.0,13.5,1,1,0,1,0,1,0,0,0,0,0,0,0,0,0,0,1
233,234,1,3,5.0,31.3875,7,0,0,1,1,0,0,0,0,0,0,0,0,0,0,0,1
234,235,0,2,24.0,10.5,1,1,0,1,0,1,0,0,0,0,0,0,0,0,0,0,1
235,236,0,3,18.0,7.55,1,0,0,1,1,0,0,0,0,0,0,0,0,0,0,0,1
236,237,0,2,44.0,26.0,2,1,0,1,0,1,0,0,0,0,0,0,0,0,0,0,1
237,238,1,2,8.0,26.25,3,0,0,1,1,0,0,0,0,0,0,0,0,0,0,0,1
238,239,0,2,19.0,10.5,1,1,0,1,0,1,0,0,0,0,0,0,0,0,0,0,1
239,240,0,2,33.0,12.275,1,1,0,1,0,1,0,0,0,0,0,0,0,0,0,0,1
240,241,0,3,18.0,14.4542,2,0,0,0,1,0,0,0,0,0,0,0,0,0,0,0,1
241,242,1,3,18.0,15.5,2,0,1,0,1,0,0,0,0,0,0,0,0,0,0,0,1
242,243,0,2,29.0,10.5,1,1,0,1,0,1,0,0,0,0,0,0,0,0,0,0,1
243,244,0,3,22.0,7.125,1,1,0,1,0,1,0,0,0,0,0,0,0,0,0,0,1
244,245,0,3,30.0,7.225,1,1,0,0,0,1,0,0,0,0,0,0,0,0,0,0,1
245,246,0,1,44.0,90.0,3,1,1,0,0,0,0,1,0,0,1,0,0,0,0,0,0
246,247,0,3,25.0,7.775,1,0,0,1,1,0,0,0,0,0,0,0,0,0,0,0,1
247,248,1,2,24.0,14.5,3,0,0,1,0,0,1,0,0,0,0,0,0,0,0,0,1
248,249,1,1,37.0,52.5542,3,1,0,1,0,1,0,0,0,0,0,1,0,0,0,0,0
249,250,0,2,54.0,26.0,2,1,0,1,0,0,0,1,0,0,0,0,0,0,0,0,1
250,251,0,3,26.0,7.25,1,1,0,1,0,1,0,0,0,0,0,0,0,0,0,0,1
251,252,0,3,29.0,10.4625,3,0,0,1,0,0,1,0,0,0,0,0,0,0,1,0,0
252,253,0,1,62.0,26.55,1,1,0,1,0,1,0,0,0,0,1,0,0,0,0,0,0
253,254,0,3,30.0,16.1,2,1,0,1,0,1,0,0,0,0,0,0,0,0,0,0,1
254,255,0,3,41.0,20.2125,3,0,0,1,0,0,1,0,0,0,0,0,0,0,0,0,1
255,256,1,3,29.0,15.2458,3,0,0,0,0,0,1,0,0,0,0,0,0,0,0,0,1
256,257,1,1,40.0,79.2,1,0,0,0,0,0,1,0,0,0,0,0,0,0,0,0,1
257,258,1,1,30.0,86.5,1,0,0,1,1,0,0,0,0,1,0,0,0,0,0,0,0
258,259,1,1,35.0,512.3292,1,0,0,0,1,0,0,0,0,0,0,0,0,0,0,0,1
259,260,1,2,50.0,26.0,2,0,0,1,0,0,1,0,0,0,0,0,0,0,0,0,1
260,261,0,3,26.0,7.75,1,1,1,0,0,1,0,0,0,0,0,0,0,0,0,0,1
261,262,1,3,3.0,31.3875,7,1,0,1,0,0,0,0,0,0,0,0,0,0,0,0,1
262,263,0,1,52.0,79.65,3,1,0,1,0,1,0,0,0,0,0,0,1,0,0,0,0
263,264,0,1,40.0,0.0,1,1,0,1,0,1,0,0,0,1,0,0,0,0,0,0,0
264,265,0,3,18.0,7.75,1,0,1,0,1,0,0,0,0,0,0,0,0,0,0,0,1
265,266,0,2,36.0,10.5,1,1,0,1,0,1,0,0,0,0,0,0,0,0,0,0,1
266,267,0,3,16.0,39.6875,6,1,0,1,0,1,0,0,0,0,0,0,0,0,0,0,1
267,268,1,3,25.0,7.775,2,1,0,1,0,1,0,0,0,0,0,0,0,0,0,0,1
268,269,1,1,58.0,153.4625,2,0,0,1,0,0,1,0,0,0,1,0,0,0,0,0,0
269,270,1,1,35.0,135.6333,1,0,0,1,1,0,0,0,0,0,1,0,0,0,0,0,0
270,271,0,1,40.0,31.0,1,1,0,1,0,1,0,0,0,0,0,0,0,0,0,0,1
271,272,1,3,25.0,0.0,1,1,0,1,0,1,0,0,0,0,0,0,0,0,0,0,1
272,273,1,2,41.0,19.5,2,0,0,1,0,0,1,0,0,0,0,0,0,0,0,0,1
273,274,0,1,37.0,29.7,2,1,0,0,0,1,0,0,0,0,1,0,0,0,0,0,0
274,275,1,3,18.0,7.75,1,0,1,0,1,0,0,0,0,0,0,0,0,0,0,0,1
275,276,1,1,63.0,77.9583,2,0,0,1,1,0,0,0,0,0,0,1,0,0,0,0,0
276,277,0,3,45.0,7.75,1,0,0,1,1,0,0,0,0,0,0,0,0,0,0,0,1
277,278,0,2,31.0,0.0,1,1,0,1,0,1,0,0,0,0,0,0,0,0,0,0,1
278,279,0,3,7.0,29.125,6,1,1,0,0,0,0,0,0,0,0,0,0,0,0,0,1
279,280,1,3,35.0,20.25,3,0,0,1,0,0,1,0,0,0,0,0,0,0,0,0,1
280,281,0,3,65.0,7.75,1,1,1,0,0,1,0,0,0,0,0,0,0,0,0,0,1
281,282,0,3,28.0,7.8542,1,1,0,1,0,1,0,0,0,0,0,0,0,0,0,0,1
282,283,0,3,16.0,9.5,1,1,0,1,0,1,0,0,0,0,0,0,0,0,0,0,1
283,284,1,3,19.0,8.05,1,1,0,1,0,1,0,0,0,0,0,0,0,0,0,0,1
284,285,0,1,40.0,26.0,1,1,0,1,0,1,0,0,0,0,0,0,0,0,0,0,0
285,286,0,3,33.0,8.6625,1,1,0,0,0,1,0,0,0,0,0,0,0,0,0,0,1
286,287,1,3,30.0,9.5,1,1,0,1,0,1,0,0,0,0,0,0,0,0,0,0,1
287,288,0,3,22.0,7.8958,1,1,0,1,0,1,0,0,0,0,0,0,0,0,0,0,1
288,289,1,2,42.0,13.0,1,1,0,1,0,1,0,0,0,0,0,0,0,0,0,0,1
289,290,1,3,22.0,7.75,1,0,1,0,1,0,0,0,0,0,0,0,0,0,0,0,1
290,291,1,1,26.0,78.85,1,0,0,1,1,0,0,0,0,0,0,0,0,0,0,0,1
291,292,1,1,19.0,91.0792,2,0,0,0,0,0,1,0,0,1,0,0,0,0,0,0,0
292,293,0,2,36.0,12.875,1,1,0,0,0,1,0,0,0,0,0,1,0,0,0,0,0
293,294,0,3,24.0,8.85,1,0,0,1,1,0,0,0,0,0,0,0,0,0,0,0,1
294,295,0,3,24.0,7.8958,1,1,0,1,0,1,0,0,0,0,0,0,0,0,0,0,1
295,296,0,1,40.0,27.7208,1,1,0,0,0,1,0,0,0,0,0,0,0,0,0,0,1
296,297,0,3,23.5,7.2292,1,1,0,0,0,1,0,0,0,0,0,0,0,0,0,0,1
297,298,0,1,2.0,151.55,4,0,0,1,1,0,0,0,0,0,1,0,0,0,0,0,0
298,299,1,1,40.0,30.5,1,1,0,1,0,1,0,0,0,0,1,0,0,0,0,0,0
299,300,1,1,50.0,247.5208,2,0,0,0,0,0,1,0,0,1,0,0,0,0,0,0,0
300,301,1,3,18.0,7.75,1,0,1,0,1,0,0,0,0,0,0,0,0,0,0,0,1
301,302,1,3,26.0,23.25,3,1,1,0,0,1,0,0,0,0,0,0,0,0,0,0,1
302,303,0,3,19.0,0.0,1,1,0,1,0,1,0,0,0,0,0,0,0,0,0,0,1
303,304,1,2,24.0,12.35,1,0,1,0,1,0,0,0,0,0,0,0,1,0,0,0,0
304,305,0,3,26.0,8.05,1,1,0,1,0,1,0,0,0,0,0,0,0,0,0,0,1
305,306,1,1,0.92,151.55,4,1,0,1,0,0,0,0,0,0,1,0,0,0,0,0,0
306,307,1,1,30.0,110.8833,1,0,0,0,1,0,0,0,0,0,0,0,0,0,0,0,1
307,308,1,1,17.0,108.9,2,0,0,0,0,0,1,0,0,0,1,0,0,0,0,0,0
308,309,0,2,30.0,24.0,2,1,0,0,0,1,0,0,0,0,0,0,0,0,0,0,1
309,310,1,1,30.0,56.9292,1,0,0,0,1,0,0,0,0,0,0,0,1,0,0,0,0
310,311,1,1,24.0,83.1583,1,0,0,0,1,0,0,0,0,0,1,0,0,0,0,0,0
311,312,1,1,18.0,262.375,5,0,0,0,1,0,0,0,0,1,0,0,0,0,0,0,0
312,313,0,2,26.0,26.0,3,0,0,1,0,0,1,0,0,0,0,0,0,0,0,0,1
313,314,0,3,28.0,7.8958,1,1,0,1,0,1,0,0,0,0,0,0,0,0,0,0,1
314,315,0,2,43.0,26.25,3,1,0,1,0,1,0,0,0,0,0,0,0,0,0,0,1
315,316,1,3,26.0,7.8542,1,0,0,1,1,0,0,0,0,0,0,0,0,0,0,0,1
316,317,1,2,24.0,26.0,2,0,0,1,0,0,1,0,0,0,0,0,0,0,0,0,1
317,318,0,2,54.0,14.0,1,1,0,1,0,0,0,1,0,0,0,0,0,0,0,0,1
318,319,1,1,31.0,164.8667,3,0,0,1,1,0,0,0,0,0,1,0,0,0,0,0,0
319,320,1,1,40.0,134.5,3,0,0,0,0,0,1,0,0,0,0,0,1,0,0,0,0
320,321,0,3,22.0,7.25,1,1,0,1,0,1,0,0,0,0,0,0,0,0,0,0,1
321,322,0,3,27.0,7.8958,1,1,0,1,0,1,0,0,0,0,0,0,0,0,0,0,1
322,323,1,2,30.0,12.35,1,0,1,0,1,0,0,0,0,0,0,0,0,0,0,0,1
323,324,1,2,22.0,29.0,3,0,0,1,0,0,1,0,0,0,0,0,0,0,0,0,1
324,325,0,3,26.0,69.55,11,1,0,1,0,1,0,0,0,0,0,0,0,0,0,0,1
325,326,1,1,36.0,135.6333,1,0,0,0,1,0,0,0,0,0,1,0,0,0,0,0,0
326,327,0,3,61.0,6.2375,1,1,0,1,0,1,0,0,0,0,0,0,0,0,0,0,1
327,328,1,2,36.0,13.0,1,0,0,1,0,0,1,0,0,0,0,1,0,0,0,0,0
328,329,1,3,31.0,20.525,3,0,0,1,0,0,1,0,0,0,0,0,0,0,0,0,1
329,330,1,1,16.0,57.9792,2,0,0,0,1,0,0,0,0,1,0,0,0,0,0,0,0
330,331,1,3,18.0,23.25,3,0,1,0,1,0,0,0,0,0,0,0,0,0,0,0,1
331,332,0,1,45.5,28.5,1,1,0,1,0,1,0,0,0,0,1,0,0,0,0,0,0
332,333,0,1,38.0,153.4625,2,1,0,1,0,1,0,0,0,0,1,0,0,0,0,0,0
333,334,0,3,16.0,18.0,3,1,0,1,0,1,0,0,0,0,0,0,0,0,0,0,1
334,335,1,1,40.0,133.65,2,0,0,1,0,0,1,0,0,0,0,0,0,0,0,0,1
335,336,0,3,26.0,7.8958,1,1,0,1,0,1,0,0,0,0,0,0,0,0,0,0,1
336,337,0,1,29.0,66.6,2,1,0,1,0,1,0,0,0,0,1,0,0,0,0,0,0
337,338,1,1,41.0,134.5,1,0,0,0,1,0,0,0,0,0,0,0,1,0,0,0,0
338,339,1,3,45.0,8.05,1,1,0,1,0,1,0,0,0,0,0,0,0,0,0,0,1
339,340,0,1,45.0,35.5,1,1,0,1,0,1,0,0,0,0,0,0,0,0,0,1,0
340,341,1,2,2.0,26.0,3,1,0,1,0,0,0,0,0,0,0,0,0,1,0,0,0
341,342,1,1,24.0,263.0,6,0,0,1,1,0,0,0,0,0,1,0,0,0,0,0,0
342,343,0,2,28.0,13.0,1,1,0,1,0,1,0,0,0,0,0,0,0,0,0,0,1
343,344,0,2,25.0,13.0,1,1,0,1,0,1,0,0,0,0,0,0,0,0,0,0,1
344,345,0,2,36.0,13.0,1,1,0,1,0,1,0,0,0,0,0,0,0,0,0,0,1
345,346,1,2,24.0,13.0,1,0,0,1,1,0,0,0,0,0,0,0,0,1,0,0,0
346,347,1,2,40.0,13.0,1,0,0,1,1,0,0,0,0,0,0,0,0,0,0,0,1
347,348,1,3,31.0,16.1,2,0,0,1,0,0,1,0,0,0,0,0,0,0,0,0,1
348,349,1,3,3.0,15.9,3,1,0,1,0,0,0,0,0,0,0,0,0,0,0,0,1
349,350,0,3,42.0,8.6625,1,1,0,1,0,1,0,0,0,0,0,0,0,0,0,0,1
350,351,0,3,23.0,9.225,1,1,0,1,0,1,0,0,0,0,0,0,0,0,0,0,1
351,352,0,1,40.0,35.0,1,1,0,1,0,1,0,0,0,0,1,0,0,0,0,0,0
352,353,0,3,15.0,7.2292,3,1,0,0,0,1,0,0,0,0,0,0,0,0,0,0,1
353,354,0,3,25.0,17.8,2,1,0,1,0,1,0,0,0,0,0,0,0,0,0,0,1
354,355,0,3,26.0,7.225,1,1,0,0,0,1,0,0,0,0,0,0,0,0,0,0,1
355,356,0,3,28.0,9.5,1,1,0,1,0,1,0,0,0,0,0,0,0,0,0,0,1
356,357,1,1,22.0,55.0,2,0,0,1,1,0,0,0,0,0,0,0,1,0,0,0,0
357,358,0,2,38.0,13.0,1,0,0,1,1,0,0,0,0,0,0,0,0,0,0,0,1
358,359,1,3,18.0,7.8792,1,0,1,0,1,0,0,0,0,0,0,0,0,0,0,0,1
359,360,1,3,18.0,7.8792,1,0,1,0,1,0,0,0,0,0,0,0,0,0,0,0,1
360,361,0,3,40.0,27.9,6,1,0,1,0,1,0,0,0,0,0,0,0,0,0,0,1
361,362,0,2,29.0,27.7208,2,1,0,0,0,1,0,0,0,0,0,0,0,0,0,0,1
362,363,0,3,45.0,14.4542,2,0,0,0,0,0,1,0,0,0,0,0,0,0,0,0,1
363,364,0,3,35.0,7.05,1,1,0,1,0,1,0,0,0,0,0,0,0,0,0,0,1
364,365,0,3,26.0,15.5,2,1,1,0,0,1,0,0,0,0,0,0,0,0,0,0,1
365,366,0,3,30.0,7.25,1,1,0,1,0,1,0,0,0,0,0,0,0,0,0,0,1
366,367,1,1,60.0,75.25,2,0,0,0,0,0,1,0,0,0,0,1,0,0,0,0,0
367,368,1,3,31.0,7.2292,1,0,0,0,0,0,1,0,0,0,0,0,0,0,0,0,1
368,369,1,3,18.0,7.75,1,0,1,0,1,0,0,0,0,0,0,0,0,0,0,0,1
369,370,1,1,24.0,69.3,1,0,0,0,0,0,1,0,0,1,0,0,0,0,0,0,0
370,371,1,1,25.0,55.4417,2,1,0,0,0,1,0,0,0,0,0,0,1,0,0,0,0
371,372,0,3,18.0,6.4958,2,1,0,1,0,1,0,0,0,0,0,0,0,0,0,0,1
372,373,0,3,19.0,8.05,1,1,0,1,0,1,0,0,0,0,0,0,0,0,0,0,1
373,374,0,1,22.0,135.6333,1,1,0,0,0,1,0,0,0,0,0,0,0,0,0,0,1
374,375,0,3,3.0,21.075,5,0,0,1,1,0,0,0,0,0,0,0,0,0,0,0,1
375,376,1,1,40.0,82.1708,2,0,0,0,0,0,1,0,0,0,0,0,0,0,0,0,1
376,377,1,3,22.0,7.25,1,0,0,1,1,0,0,0,0,0,0,0,0,0,0,0,1
377,378,0,1,27.0,211.5,3,1,0,0,0,1,0,0,0,0,1,0,0,0,0,0,0
378,379,0,3,20.0,4.0125,1,1,0,0,0,1,0,0,0,0,0,0,0,0,0,0,1
379,380,0,3,19.0,7.775,1,1,0,1,0,1,0,0,0,0,0,0,0,0,0,0,1
380,381,1,1,42.0,227.525,1,0,0,0,1,0,0,0,0,0,0,0,0,0,0,0,1
381,382,1,3,1.0,15.7417,3,0,0,0,1,0,0,0,0,0,0,0,0,0,0,0,1
382,383,0,3,32.0,7.925,1,1,0,1,0,1,0,0,0,0,0,0,0,0,0,0,1
383,384,1,1,35.0,52.0,2,0,0,1,0,0,1,0,0,0,0,0,0,0,0,0,1
384,385,0,3,26.0,7.8958,1,1,0,1,0,1,0,0,0,0,0,0,0,0,0,0,1
385,386,0,2,18.0,73.5,1,1,0,1,0,1,0,0,0,0,0,0,0,0,0,0,1
386,387,0,3,1.0,46.9,8,1,0,1,0,0,0,0,0,0,0,0,0,0,0,0,1
387,388,1,2,36.0,13.0,1,0,0,1,1,0,0,0,0,0,0,0,0,0,0,0,1
388,389,0,3,26.0,7.7292,1,1,1,0,0,1,0,0,0,0,0,0,0,0,0,0,1
389,390,1,2,17.0,12.0,1,0,0,0,1,0,0,0,0,0,0,0,0,0,0,0,1
390,391,1,1,36.0,120.0,4,1,0,1,0,1,0,0,0,1,0,0,0,0,0,0,0
391,392,1,3,21.0,7.7958,1,1,0,1,0,1,0,0,0,0,0,0,0,0,0,0,1
392,393,0,3,28.0,7.925,3,1,0,1,0,1,0,0,0,0,0,0,0,0,0,0,1
393,394,1,1,23.0,113.275,2,0,0,0,1,0,0,0,0,0,0,1,0,0,0,0,0
394,395,1,3,24.0,16.7,3,0,0,1,0,0,1,0,0,0,0,0,0,0,1,0,0
395,396,0,3,22.0,7.7958,1,1,0,1,0,1,0,0,0,0,0,0,0,0,0,0,1
396,397,0,3,31.0,7.8542,1,0,0,1,1,0,0,0,0,0,0,0,0,0,0,0,1
397,398,0,2,46.0,26.0,1,1,0,1,0,1,0,0,0,0,0,0,0,0,0,0,1
398,399,0,2,23.0,10.5,1,1,0,1,0,0,0,1,0,0,0,0,0,0,0,0,1
399,400,1,2,28.0,12.65,1,0,0,1,0,0,1,0,0,0,0,0,0,0,0,0,1
400,401,1,3,39.0,7.925,1,1,0,1,0,1,0,0,0,0,0,0,0,0,0,0,1
401,402,0,3,26.0,8.05,1,1,0,1,0,1,0,0,0,0,0,0,0,0,0,0,1
402,403,0,3,21.0,9.825,2,0,0,1,1,0,0,0,0,0,0,0,0,0,0,0,1
403,404,0,3,28.0,15.85,2,1,0,1,0,1,0,0,0,0,0,0,0,0,0,0,1
404,405,0,3,20.0,8.6625,1,0,0,1,1,0,0,0,0,0,0,0,0,0,0,0,1
405,406,0,2,34.0,21.0,2,1,0,1,0,1,0,0,0,0,0,0,0,0,0,0,1
406,407,0,3,51.0,7.75,1,1,0,1,0,1,0,0,0,0,0,0,0,0,0,0,1
407,408,1,2,3.0,18.75,3,1,0,1,0,0,0,0,0,0,0,0,0,0,0,0,1
408,409,0,3,21.0,7.775,1,1,0,1,0,1,0,0,0,0,0,0,0,0,0,0,1
409,410,0,3,18.0,25.4667,5,0,0,1,1,0,0,0,0,0,0,0,0,0,0,0,1
410,411,0,3,26.0,7.8958,1,1,0,1,0,1,0,0,0,0,0,0,0,0,0,0,1
411,412,0,3,26.0,6.8583,1,1,1,0,0,1,0,0,0,0,0,0,0,0,0,0,1
412,413,1,1,33.0,90.0,2,0,1,0,1,0,0,0,0,0,1,0,0,0,0,0,0
413,414,0,2,31.0,0.0,1,1,0,1,0,1,0,0,0,0,0,0,0,0,0,0,1
414,415,1,3,44.0,7.925,1,1,0,1,0,1,0,0,0,0,0,0,0,0,0,0,1
415,416,0,3,31.0,8.05,1,0,0,1,0,0,1,0,0,0,0,0,0,0,0,0,1
416,417,1,2,34.0,32.5,3,0,0,1,0,0,1,0,0,0,0,0,0,0,0,0,1
417,418,1,2,18.0,13.0,3,0,0,1,1,0,0,0,0,0,0,0,0,0,0,0,1
418,419,0,2,30.0,13.0,1,1,0,1,0,1,0,0,0,0,0,0,0,0,0,0,1
419,420,0,3,10.0,24.15,3,0,0,1,1,0,0,0,0,0,0,0,0,0,0,0,1
420,421,0,3,26.0,7.8958,1,1,0,0,0,1,0,0,0,0,0,0,0,0,0,0,1
421,422,0,3,21.0,7.7333,1,1,1,0,0,1,0,0,0,0,0,0,0,0,0,0,1
422,423,0,3,29.0,7.875,1,1,0,1,0,1,0,0,0,0,0,0,0,0,0,0,1
423,424,0,3,28.0,14.4,3,0,0,1,0,0,1,0,0,0,0,0,0,0,0,0,1
424,425,0,3,18.0,20.2125,3,1,0,1,0,1,0,0,0,0,0,0,0,0,0,0,1
425,426,0,3,26.0,7.25,1,1,0,1,0,1,0,0,0,0,0,0,0,0,0,0,1
426,427,1,2,28.0,26.0,2,0,0,1,0,0,1,0,0,0,0,0,0,0,0,0,1
427,428,1,2,19.0,26.0,1,0,0,1,1,0,0,0,0,0,0,0,0,0,0,0,1
428,429,0,3,26.0,7.75,1,1,1,0,0,1,0,0,0,0,0,0,0,0,0,0,1
429,430,1,3,32.0,8.05,1,1,0,1,0,1,0,0,0,0,0,0,1,0,0,0,0
430,431,1,1,28.0,26.55,1,1,0,1,0,1,0,0,0,0,1,0,0,0,0,0,0
431,432,1,3,31.0,16.1,2,0,0,1,0,0,1,0,0,0,0,0,0,0,0,0,1
432,433,1,2,42.0,26.0,2,0,0,1,0,0,1,0,0,0,0,0,0,0,0,0,1
433,434,0,3,17.0,7.125,1,1,0,1,0,1,0,0,0,0,0,0,0,0,0,0,1
434,435,0,1,50.0,55.9,2,1,0,1,0,1,0,0,0,0,0,0,1,0,0,0,0
435,436,1,1,14.0,120.0,4,0,0,1,1,0,0,0,0,1,0,0,0,0,0,0,0
436,437,0,3,21.0,34.375,5,0,0,1,1,0,0,0,0,0,0,0,0,0,0,0,1
437,438,1,2,24.0,18.75,6,0,0,1,0,0,1,0,0,0,0,0,0,0,0,0,1
438,439,0,1,64.0,263.0,6,1,0,1,0,1,0,0,0,0,1,0,0,0,0,0,0
439,440,0,2,31.0,10.5,1,1,0,1,0,1,0,0,0,0,0,0,0,0,0,0,1
440,441,1,2,45.0,26.25,3,0,0,1,0,0,1,0,0,0,0,0,0,0,0,0,1
441,442,0,3,20.0,9.5,1,1,0,1,0,1,0,0,0,0,0,0,0,0,0,0,1
442,443,0,3,25.0,7.775,2,1,0,1,0,1,0,0,0,0,0,0,0,0,0,0,1
443,444,1,2,28.0,13.0,1,0,0,1,0,0,1,0,0,0,0,0,0,0,0,0,1
444,445,1,3,26.0,8.1125,1,1,0,1,0,1,0,0,0,0,0,0,0,0,0,0,1
445,446,1,1,4.0,81.8583,3,1,0,1,0,0,0,0,0,0,0,0,0,0,0,0,0
446,447,1,2,13.0,19.5,2,0,0,1,1,0,0,0,0,0,0,0,0,0,0,0,1
447,448,1,1,34.0,26.55,1,1,0,1,0,1,0,0,0,0,0,0,0,0,0,0,1
448,449,1,3,5.0,19.2583,4,0,0,0,1,0,0,0,0,0,0,0,0,0,0,0,1
449,450,1,1,52.0,30.5,1,1,0,1,0,0,0,1,0,0,1,0,0,0,0,0,0
450,451,0,2,36.0,27.75,4,1,0,1,0,1,0,0,0,0,0,0,0,0,0,0,1
451,452,0,3,26.0,19.9667,2,1,0,1,0,1,0,0,0,0,0,0,0,0,0,0,1
452,453,0,1,30.0,27.75,1,1,0,0,0,1,0,0,0,0,1,0,0,0,0,0,0
453,454,1,1,49.0,89.1042,2,1,0,0,0,1,0,0,0,0,1,0,0,0,0,0,0
454,455,0,3,26.0,8.05,1,1,0,1,0,1,0,0,0,0,0,0,0,0,0,0,1
455,456,1,3,29.0,7.8958,1,1,0,0,0,1,0,0,0,0,0,0,0,0,0,0,1
456,457,0,1,65.0,26.55,1,1,0,1,0,1,0,0,0,0,0,0,1,0,0,0,0
457,458,1,1,40.0,51.8625,2,0,0,1,0,0,1,0,0,0,0,1,0,0,0,0,0
458,459,1,2,50.0,10.5,1,0,0,1,1,0,0,0,0,0,0,0,0,0,0,0,1
459,460,0,3,26.0,7.75,1,1,1,0,0,1,0,0,0,0,0,0,0,0,0,0,1
460,461,1,1,48.0,26.55,1,1,0,1,0,1,0,0,0,0,0,0,1,0,0,0,0
461,462,0,3,34.0,8.05,1,1,0,1,0,1,0,0,0,0,0,0,0,0,0,0,1
462,463,0,1,47.0,38.5,1,1,0,1,0,1,0,0,0,0,0,0,1,0,0,0,0
463,464,0,2,48.0,13.0,1,1,0,1,0,1,0,0,0,0,0,0,0,0,0,0,1
464,465,0,3,26.0,8.05,1,1,0,1,0,1,0,0,0,0,0,0,0,0,0,0,1
465,466,0,3,38.0,7.05,1,1,0,1,0,1,0,0,0,0,0,0,0,0,0,0,1
466,467,0,2,31.0,0.0,1,1,0,1,0,1,0,0,0,0,0,0,0,0,0,0,1
467,468,0,1,56.0,26.55,1,1,0,1,0,1,0,0,0,0,0,0,0,0,0,0,1
468,469,0,3,26.0,7.725,1,1,1,0,0,1,0,0,0,0,0,0,0,0,0,0,1
469,470,1,3,0.75,19.2583,4,0,0,0,1,0,0,0,0,0,0,0,0,0,0,0,1
470,471,0,3,26.0,7.25,1,1,0,1,0,1,0,0,0,0,0,0,0,0,0,0,1
471,472,0,3,38.0,8.6625,1,1,0,1,0,1,0,0,0,0,0,0,0,0,0,0,1
472,473,1,2,33.0,27.75,4,0,0,1,0,0,1,0,0,0,0,0,0,0,0,0,1
473,474,1,2,23.0,13.7917,1,0,0,0,0,0,1,0,0,0,0,1,0,0,0,0,0
474,475,0,3,22.0,9.8375,1,0,0,1,1,0,0,0,0,0,0,0,0,0,0,0,1
475,476,0,1,40.0,52.0,1,1,0,1,0,1,0,0,0,0,0,0,0,0,0,0,0
476,477,0,2,34.0,21.0,2,1,0,1,0,1,0,0,0,0,0,0,0,0,0,0,1
477,478,0,3,29.0,7.0458,2,1,0,1,0,1,0,0,0,0,0,0,0,0,0,0,1
478,479,0,3,22.0,7.5208,1,1,0,1,0,1,0,0,0,0,0,0,0,0,0,0,1
479,480,1,3,2.0,12.2875,2,0,0,1,1,0,0,0,0,0,0,0,0,0,0,0,1
480,481,0,3,9.0,46.9,8,1,0,1,0,0,0,0,0,0,0,0,0,0,0,0,1
481,482,0,2,31.0,0.0,1,1,0,1,0,1,0,0,0,0,0,0,0,0,0,0,1
482,483,0,3,50.0,8.05,1,1,0,1,0,1,0,0,0,0,0,0,0,0,0,0,1
483,484,1,3,63.0,9.5875,1,0,0,1,0,0,1,0,0,0,0,0,0,0,0,0,1
484,485,1,1,25.0,91.0792,2,1,0,0,0,1,0,0,0,1,0,0,0,0,0,0,0
485,486,0,3,18.0,25.4667,5,0,0,1,1,0,0,0,0,0,0,0,0,0,0,0,1
486,487,1,1,35.0,90.0,2,0,0,1,0,0,1,0,0,0,1,0,0,0,0,0,0
487,488,0,1,58.0,29.7,1,1,0,0,0,1,0,0,0,1,0,0,0,0,0,0,0
488,489,0,3,30.0,8.05,1,1,0,1,0,1,0,0,0,0,0,0,0,0,0,0,1
489,490,1,3,9.0,15.9,3,1,0,1,0,0,0,0,0,0,0,0,0,0,0,0,1
490,491,0,3,26.0,19.9667,2,1,0,1,0,1,0,0,0,0,0,0,0,0,0,0,1
491,492,0,3,21.0,7.25,1,1,0,1,0,1,0,0,0,0,0,0,0,0,0,0,1
492,493,0,1,55.0,30.5,1,1,0,1,0,1,0,0,0,0,1,0,0,0,0,0,0
493,494,0,1,71.0,49.5042,1,1,0,0,0,1,0,0,0,0,0,0,0,0,0,0,1
494,495,0,3,21.0,8.05,1,1,0,1,0,1,0,0,0,0,0,0,0,0,0,0,1
495,496,0,3,26.0,14.4583,1,1,0,0,0,1,0,0,0,0,0,0,0,0,0,0,1
496,497,1,1,54.0,78.2667,2,0,0,0,1,0,0,0,0,0,0,1,0,0,0,0,0
497,498,0,3,26.0,15.1,1,1,0,1,0,1,0,0,0,0,0,0,0,0,0,0,1
498,499,0,1,25.0,151.55,4,0,0,1,0,0,1,0,0,0,1,0,0,0,0,0,0
499,500,0,3,24.0,7.7958,1,1,0,1,0,1,0,0,0,0,0,0,0,0,0,0,1
500,501,0,3,17.0,8.6625,1,1,0,1,0,1,0,0,0,0,0,0,0,0,0,0,1
501,502,0,3,21.0,7.75,1,0,1,0,1,0,0,0,0,0,0,0,0,0,0,0,1
502,503,0,3,18.0,7.6292,1,0,1,0,1,0,0,0,0,0,0,0,0,0,0,0,1
503,504,0,3,37.0,9.5875,1,0,0,1,1,0,0,0,0,0,0,0,0,0,0,0,1
504,505,1,1,16.0,86.5,1,0,0,1,1,0,0,0,0,1,0,0,0,0,0,0,0
505,506,0,1,18.0,108.9,2,1,0,0,0,1,0,0,0,0,1,0,0,0,0,0,0
506,507,1,2,33.0,26.0,3,0,0,1,0,0,1,0,0,0,0,0,0,0,0,0,1
507,508,1,1,40.0,26.55,1,1,0,1,0,1,0,0,0,0,0,0,0,0,0,0,1
508,509,0,3,28.0,22.525,1,1,0,1,0,1,0,0,0,0,0,0,0,0,0,0,1
509,510,1,3,26.0,56.4958,1,1,0,1,0,1,0,0,0,0,0,0,0,0,0,0,1
510,511,1,3,29.0,7.75,1,1,1,0,0,1,0,0,0,0,0,0,0,0,0,0,1
511,512,0,3,26.0,8.05,1,1,0,1,0,1,0,0,0,0,0,0,0,0,0,0,1
512,513,1,1,36.0,26.2875,1,1,0,1,0,1,0,0,0,0,0,0,1,0,0,0,0
513,514,1,1,54.0,59.4,2,0,0,0,0,0,1,0,0,0,0,0,0,0,0,0,1
514,515,0,3,24.0,7.4958,1,1,0,1,0,1,0,0,0,0,0,0,0,0,0,0,1
515,516,0,1,47.0,34.0208,1,1,0,1,0,1,0,0,0,0,0,1,0,0,0,0,0
516,517,1,2,34.0,10.5,1,0,0,1,0,0,1,0,0,0,0,0,0,1,0,0,0
517,518,0,3,26.0,24.15,1,1,1,0,0,1,0,0,0,0,0,0,0,0,0,0,1
518,519,1,2,36.0,26.0,2,0,0,1,0,0,1,0,0,0,0,0,0,0,0,0,1
519,520,0,3,32.0,7.8958,1,1,0,1,0,1,0,0,0,0,0,0,0,0,0,0,1
520,521,1,1,30.0,93.5,1,0,0,1,1,0,0,0,0,1,0,0,0,0,0,0,0
521,522,0,3,22.0,7.8958,1,1,0,1,0,1,0,0,0,0,0,0,0,0,0,0,1
522,523,0,3,26.0,7.225,1,1,0,0,0,1,0,0,0,0,0,0,0,0,0,0,1
523,524,1,1,44.0,57.9792,2,0,0,0,0,0,1,0,0,1,0,0,0,0,0,0,0
524,525,0,3,26.0,7.2292,1,1,0,0,0,1,0,0,0,0,0,0,0,0,0,0,1
525,526,0,3,40.5,7.75,1,1,1,0,0,1,0,0,0,0,0,0,0,0,0,0,1
526,527,1,2,50.0,10.5,1,0,0,1,1,0,0,0,0,0,0,0,0,0,0,0,1
527,528,0,1,40.0,221.7792,1,1,0,1,0,1,0,0,0,0,1,0,0,0,0,0,0
528,529,0,3,39.0,7.925,1,1,0,1,0,1,0,0,0,0,0,0,0,0,0,0,1
529,530,0,2,23.0,11.5,4,1,0,1,0,1,0,0,0,0,0,0,0,0,0,0,1
530,531,1,2,2.0,26.0,3,0,0,1,1,0,0,0,0,0,0,0,0,0,0,0,1
531,532,0,3,26.0,7.2292,1,1,0,0,0,1,0,0,0,0,0,0,0,0,0,0,1
532,533,0,3,17.0,7.2292,3,1,0,0,0,1,0,0,0,0,0,0,0,0,0,0,1
533,534,1,3,31.0,22.3583,3,0,0,0,0,0,1,0,0,0,0,0,0,0,0,0,1
534,535,0,3,30.0,8.6625,1,0,0,1,1,0,0,0,0,0,0,0,0,0,0,0,1
535,536,1,2,7.0,26.25,3,0,0,1,1,0,0,0,0,0,0,0,0,0,0,0,1
536,537,0,1,45.0,26.55,1,1,0,1,0,0,0,1,0,1,0,0,0,0,0,0,0
537,538,1,1,30.0,106.425,1,0,0,0,1,0,0,0,0,0,0,0,0,0,0,0,1
538,539,0,3,26.0,14.5,1,1,0,1,0,1,0,0,0,0,0,0,0,0,0,0,1
539,540,1,1,22.0,49.5,3,0,0,0,1,0,0,0,0,1,0,0,0,0,0,0,0
540,541,1,1,36.0,71.0,3,0,0,1,1,0,0,0,0,1,0,0,0,0,0,0,0
541,542,0,3,9.0,31.275,7,0,0,1,1,0,0,0,0,0,0,0,0,0,0,0,1
542,543,0,3,11.0,31.275,7,0,0,1,1,0,0,0,0,0,0,0,0,0,0,0,1
543,544,1,2,32.0,26.0,2,1,0,1,0,1,0,0,0,0,0,0,0,0,0,0,1
544,545,0,1,50.0,106.425,2,1,0,0,0,1,0,0,0,0,1,0,0,0,0,0,0
545,546,0,1,64.0,26.0,1,1,0,1,0,1,0,0,0,0,0,0,0,0,0,0,1
546,547,1,2,19.0,26.0,2,0,0,1,0,0,1,0,0,0,0,0,0,0,0,0,1
547,548,1,2,31.0,13.8625,1,1,0,0,0,1,0,0,0,0,0,0,0,0,0,0,1
548,549,0,3,33.0,20.525,3,1,0,1,0,1,0,0,0,0,0,0,0,0,0,0,1
549,550,1,2,8.0,36.75,3,1,0,1,0,0,0,0,0,0,0,0,0,0,0,0,1
550,551,1,1,17.0,110.8833,3,1,0,0,0,1,0,0,0,0,1,0,0,0,0,0,0
551,552,0,2,27.0,26.0,1,1,0,1,0,1,0,0,0,0,0,0,0,0,0,0,1
552,553,0,3,26.0,7.8292,1,1,1,0,0,1,0,0,0,0,0,0,0,0,0,0,1
553,554,1,3,22.0,7.225,1,1,0,0,0,1,0,0,0,0,0,0,0,0,0,0,1
554,555,1,3,22.0,7.775,1,0,0,1,1,0,0,0,0,0,0,0,0,0,0,0,1
555,556,0,1,62.0,26.55,1,1,0,1,0,1,0,0,0,0,0,0,0,0,0,0,1
556,557,1,1,48.0,39.6,2,0,0,0,0,0,0,0,1,0,0,0,0,0,0,0,0
557,558,0,1,40.0,227.525,1,1,0,0,0,1,0,0,0,0,0,0,0,0,0,0,1
558,559,1,1,39.0,79.65,3,0,0,1,0,0,1,0,0,0,0,0,1,0,0,0,0
559,560,1,3,36.0,17.4,2,0,0,1,0,0,1,0,0,0,0,0,0,0,0,0,1
560,561,0,3,26.0,7.75,1,1,1,0,0,1,0,0,0,0,0,0,0,0,0,0,1
561,562,0,3,40.0,7.8958,1,1,0,1,0,1,0,0,0,0,0,0,0,0,0,0,1
562,563,0,2,28.0,13.5,1,1,0,1,0,1,0,0,0,0,0,0,0,0,0,0,1
563,564,0,3,26.0,8.05,1,1,0,1,0,1,0,0,0,0,0,0,0,0,0,0,1
564,565,0,3,18.0,8.05,1,0,0,1,1,0,0,0,0,0,0,0,0,0,0,0,1
565,566,0,3,24.0,24.15,3,1,0,1,0,1,0,0,0,0,0,0,0,0,0,0,1
566,567,0,3,19.0,7.8958,1,1,0,1,0,1,0,0,0,0,0,0,0,0,0,0,1
567,568,0,3,29.0,21.075,5,0,0,1,0,0,1,0,0,0,0,0,0,0,0,0,1
568,569,0,3,26.0,7.2292,1,1,0,0,0,1,0,0,0,0,0,0,0,0,0,0,1
569,570,1,3,32.0,7.8542,1,1,0,1,0,1,0,0,0,0,0,0,0,0,0,0,1
570,571,1,2,62.0,10.5,1,1,0,1,0,1,0,0,0,0,0,0,0,0,0,0,1
571,572,1,1,53.0,51.4792,3,0,0,1,0,0,1,0,0,0,1,0,0,0,0,0,0
572,573,1,1,36.0,26.3875,1,1,0,1,0,1,0,0,0,0,0,0,1,0,0,0,0
573,574,1,3,18.0,7.75,1,0,1,0,1,0,0,0,0,0,0,0,0,0,0,0,1
574,575,0,3,16.0,8.05,1,1,0,1,0,1,0,0,0,0,0,0,0,0,0,0,1
575,576,0,3,19.0,14.5,1,1,0,1,0,1,0,0,0,0,0,0,0,0,0,0,1
576,577,1,2,34.0,13.0,1,0,0,1,1,0,0,0,0,0,0,0,0,0,0,0,1
577,578,1,1,39.0,55.9,2,0,0,1,0,0,1,0,0,0,0,0,1,0,0,0,0
578,579,0,3,31.0,14.4583,2,0,0,0,0,0,1,0,0,0,0,0,0,0,0,0,1
579,580,1,3,32.0,7.925,1,1,0,1,0,1,0,0,0,0,0,0,0,0,0,0,1
580,581,1,2,25.0,30.0,3,0,0,1,1,0,0,0,0,0,0,0,0,0,0,0,1
581,582,1,1,39.0,110.8833,3,0,0,0,0,0,1,0,0,0,1,0,0,0,0,0,0
582,583,0,2,54.0,26.0,1,1,0,1,0,1,0,0,0,0,0,0,0,0,0,0,1
583,584,0,1,36.0,40.125,1,1,0,0,0,1,0,0,0,0,0,0,0,0,0,0,0
584,585,0,3,26.0,8.7125,1,1,0,0,0,1,0,0,0,0,0,0,0,0,0,0,1
585,586,1,1,18.0,79.65,3,0,0,1,1,0,0,0,0,0,0,0,1,0,0,0,0
586,587,0,2,47.0,15.0,1,1,0,1,0,1,0,0,0,0,0,0,0,0,0,0,1
587,588,1,1,60.0,79.2,3,1,0,0,0,1,0,0,0,1,0,0,0,0,0,0,0
588,589,0,3,22.0,8.05,1,1,0,1,0,1,0,0,0,0,0,0,0,0,0,0,1
589,590,0,3,26.0,8.05,1,1,0,1,0,1,0,0,0,0,0,0,0,0,0,0,1
590,591,0,3,35.0,7.125,1,1,0,1,0,1,0,0,0,0,0,0,0,0,0,0,1
591,592,1,1,52.0,78.2667,2,0,0,0,0,0,1,0,0,0,0,1,0,0,0,0,0
592,593,0,3,47.0,7.25,1,1,0,1,0,1,0,0,0,0,0,0,0,0,0,0,1
593,594,0,3,18.0,7.75,3,0,1,0,1,0,0,0,0,0,0,0,0,0,0,0,1
594,595,0,2,37.0,26.0,2,1,0,1,0,1,0,0,0,0,0,0,0,0,0,0,1
595,596,0,3,36.0,24.15,3,1,0,1,0,1,0,0,0,0,0,0,0,0,0,0,1
596,597,1,2,24.0,33.0,1,0,0,1,1,0,0,0,0,0,0,0,0,0,0,0,1
597,598,0,3,49.0,0.0,1,1,0,1,0,1,0,0,0,0,0,0,0,0,0,0,1
598,599,0,3,26.0,7.225,1,1,0,0,0,1,0,0,0,0,0,0,0,0,0,0,1
599,600,1,1,49.0,56.9292,2,1,0,0,0,0,0,0,1,0,0,0,0,0,0,0,0
600,601,1,2,24.0,27.0,4,0,0,1,0,0,1,0,0,0,0,0,0,0,0,0,1
601,602,0,3,26.0,7.8958,1,1,0,1,0,1,0,0,0,0,0,0,0,0,0,0,1
602,603,0,1,40.0,42.4,1,1,0,1,0,1,0,0,0,0,0,0,0,0,0,0,1
603,604,0,3,44.0,8.05,1,1,0,1,0,1,0,0,0,0,0,0,0,0,0,0,1
604,605,1,1,35.0,26.55,1,1,0,0,0,1,0,0,0,0,0,0,0,0,0,0,1
605,606,0,3,36.0,15.55,2,1,0,1,0,1,0,0,0,0,0,0,0,0,0,0,1
606,607,0,3,30.0,7.8958,1,1,0,1,0,1,0,0,0,0,0,0,0,0,0,0,1
607,608,1,1,27.0,30.5,1,1,0,1,0,1,0,0,0,0,0,0,0,0,0,0,1
608,609,1,2,22.0,41.5792,4,0,0,0,0,0,1,0,0,0,0,0,0,0,0,0,1
609,610,1,1,40.0,153.4625,1,0,0,1,1,0,0,0,0,0,1,0,0,0,0,0,0
610,611,0,3,39.0,31.275,7,0,0,1,0,0,1,0,0,0,0,0,0,0,0,0,1
611,612,0,3,26.0,7.05,1,1,0,1,0,1,0,0,0,0,0,0,0,0,0,0,1
612,613,1,3,18.0,15.5,2,0,1,0,1,0,0,0,0,0,0,0,0,0,0,0,1
613,614,0,3,26.0,7.75,1,1,1,0,0,1,0,0,0,0,0,0,0,0,0,0,1
614,615,0,3,35.0,8.05,1,1,0,1,0,1,0,0,0,0,0,0,0,0,0,0,1
615,616,1,2,24.0,65.0,4,0,0,1,1,0,0,0,0,0,0,0,0,0,0,0,1
616,617,0,3,34.0,14.4,3,1,0,1,0,1,0,0,0,0,0,0,0,0,0,0,1
617,618,0,3,26.0,16.1,2,0,0,1,0,0,1,0,0,0,0,0,0,0,0,0,1
618,619,1,2,4.0,39.0,4,0,0,1,1,0,0,0,0,0,0,0,0,1,0,0,0
619,620,0,2,26.0,10.5,1,1,0,1,0,1,0,0,0,0,0,0,0,0,0,0,1
620,621,0,3,27.0,14.4542,2,1,0,0,0,1,0,0,0,0,0,0,0,0,0,0,1
621,622,1,1,42.0,52.5542,2,1,0,1,0,1,0,0,0,0,0,1,0,0,0,0,0
622,623,1,3,20.0,15.7417,3,1,0,0,0,1,0,0,0,0,0,0,0,0,0,0,1
623,624,0,3,21.0,7.8542,1,1,0,1,0,1,0,0,0,0,0,0,0,0,0,0,1
624,625,0,3,21.0,16.1,1,1,0,1,0,1,0,0,0,0,0,0,0,0,0,0,1
625,626,0,1,61.0,32.3208,1,1,0,1,0,1,0,0,0,0,0,1,0,0,0,0,0
626,627,0,2,57.0,12.35,1,1,1,0,0,0,0,1,0,0,0,0,0,0,0,0,1
627,628,1,1,21.0,77.9583,1,0,0,1,1,0,0,0,0,0,0,1,0,0,0,0,0
628,629,0,3,26.0,7.8958,1,1,0,1,0,1,0,0,0,0,0,0,0,0,0,0,1
629,630,0,3,26.0,7.7333,1,1,1,0,0,1,0,0,0,0,0,0,0,0,0,0,1
630,631,1,1,80.0,30.0,1,1,0,1,0,1,0,0,0,0,0,0,0,0,0,0,0
631,632,0,3,51.0,7.0542,1,1,0,1,0,1,0,0,0,0,0,0,0,0,0,0,1
632,633,1,1,32.0,30.5,1,1,0,0,0,0,0,1,0,1,0,0,0,0,0,0,0
633,634,0,1,40.0,0.0,1,1,0,1,0,1,0,0,0,0,0,0,0,0,0,0,1
634,635,0,3,9.0,27.9,6,0,0,1,1,0,0,0,0,0,0,0,0,0,0,0,1
635,636,1,2,28.0,13.0,1,0,0,1,1,0,0,0,0,0,0,0,0,0,0,0,1
636,637,0,3,32.0,7.925,1,1,0,1,0,1,0,0,0,0,0,0,0,0,0,0,1
637,638,0,2,31.0,26.25,3,1,0,1,0,1,0,0,0,0,0,0,0,0,0,0,1
638,639,0,3,41.0,39.6875,6,0,0,1,0,0,1,0,0,0,0,0,0,0,0,0,1
639,640,0,3,26.0,16.1,2,1,0,1,0,1,0,0,0,0,0,0,0,0,0,0,1
640,641,0,3,20.0,7.8542,1,1,0,1,0,1,0,0,0,0,0,0,0,0,0,0,1
641,642,1,1,24.0,69.3,1,0,0,0,1,0,0,0,0,1,0,0,0,0,0,0,0
642,643,0,3,2.0,27.9,6,0,0,1,1,0,0,0,0,0,0,0,0,0,0,0,1
643,644,1,3,26.0,56.4958,1,1,0,1,0,1,0,0,0,0,0,0,0,0,0,0,1
644,645,1,3,0.75,19.2583,4,0,0,0,1,0,0,0,0,0,0,0,0,0,0,0,1
645,646,1,1,48.0,76.7292,2,1,0,0,0,1,0,0,0,0,0,1,0,0,0,0,0
646,647,0,3,19.0,7.8958,1,1,0,1,0,1,0,0,0,0,0,0,0,0,0,0,1
647,648,1,1,56.0,35.5,1,1,0,0,0,0,0,1,0,0,0,0,0,0,0,0,0
648,649,0,3,26.0,7.55,1,1,0,1,0,1,0,0,0,0,0,0,0,0,0,0,1
649,650,1,3,23.0,7.55,1,0,0,1,1,0,0,0,0,0,0,0,0,0,0,0,1
650,651,0,3,26.0,7.8958,1,1,0,1,0,1,0,0,0,0,0,0,0,0,0,0,1
651,652,1,2,18.0,23.0,2,0,0,1,1,0,0,0,0,0,0,0,0,0,0,0,1
652,653,0,3,21.0,8.4333,1,1,0,1,0,1,0,0,0,0,0,0,0,0,0,0,1
653,654,1,3,18.0,7.8292,1,0,1,0,1,0,0,0,0,0,0,0,0,0,0,0,1
654,655,0,3,18.0,6.75,1,0,1,0,1,0,0,0,0,0,0,0,0,0,0,0,1
655,656,0,2,24.0,73.5,3,1,0,1,0,1,0,0,0,0,0,0,0,0,0,0,1
656,657,0,3,26.0,7.8958,1,1,0,1,0,1,0,0,0,0,0,0,0,0,0,0,1
657,658,0,3,32.0,15.5,3,0,1,0,0,0,1,0,0,0,0,0,0,0,0,0,1
658,659,0,2,23.0,13.0,1,1,0,1,0,1,0,0,0,0,0,0,0,0,0,0,1
659,660,0,1,58.0,113.275,3,1,0,0,0,1,0,0,0,0,0,1,0,0,0,0,0
660,661,1,1,50.0,133.65,3,1,0,1,0,0,0,1,0,0,0,0,0,0,0,0,1
661,662,0,3,40.0,7.225,1,1,0,0,0,1,0,0,0,0,0,0,0,0,0,0,1
662,663,0,1,47.0,25.5875,1,1,0,1,0,1,0,0,0,0,0,0,1,0,0,0,0
663,664,0,3,36.0,7.4958,1,1,0,1,0,1,0,0,0,0,0,0,0,0,0,0,1
664,665,1,3,20.0,7.925,2,1,0,1,0,1,0,0,0,0,0,0,0,0,0,0,1
665,666,0,2,32.0,73.5,3,1,0,1,0,1,0,0,0,0,0,0,0,0,0,0,1
666,667,0,2,25.0,13.0,1,1,0,1,0,1,0,0,0,0,0,0,0,0,0,0,1
667,668,0,3,26.0,7.775,1,1,0,1,0,1,0,0,0,0,0,0,0,0,0,0,1
668,669,0,3,43.0,8.05,1,1,0,1,0,1,0,0,0,0,0,0,0,0,0,0,1
669,670,1,1,40.0,52.0,2,0,0,1,0,0,1,0,0,0,1,0,0,0,0,0,0
670,671,1,2,40.0,39.0,3,0,0,1,0,0,1,0,0,0,0,0,0,0,0,0,1
671,672,0,1,31.0,52.0,2,1,0,1,0,1,0,0,0,1,0,0,0,0,0,0,0
672,673,0,2,70.0,10.5,1,1,0,1,0,1,0,0,0,0,0,0,0,0,0,0,1
673,674,1,2,31.0,13.0,1,1,0,1,0,1,0,0,0,0,0,0,0,0,0,0,1
674,675,0,2,31.0,0.0,1,1,0,1,0,1,0,0,0,0,0,0,0,0,0,0,1
675,676,0,3,18.0,7.775,1,1,0,1,0,1,0,0,0,0,0,0,0,0,0,0,1
676,677,0,3,24.5,8.05,1,1,0,1,0,1,0,0,0,0,0,0,0,0,0,0,1
677,678,1,3,18.0,9.8417,1,0,0,1,1,0,0,0,0,0,0,0,0,0,0,0,1
678,679,0,3,43.0,46.9,8,0,0,1,0,0,1,0,0,0,0,0,0,0,0,0,1
679,680,1,1,36.0,512.3292,2,1,0,0,0,1,0,0,0,1,0,0,0,0,0,0,0
680,681,0,3,18.0,8.1375,1,0,1,0,1,0,0,0,0,0,0,0,0,0,0,0,1
681,682,1,1,27.0,76.7292,1,1,0,0,0,1,0,0,0,0,0,1,0,0,0,0,0
682,683,0,3,20.0,9.225,1,1,0,1,0,1,0,0,0,0,0,0,0,0,0,0,1
683,684,0,3,14.0,46.9,8,1,0,1,0,1,0,0,0,0,0,0,0,0,0,0,1
684,685,0,2,60.0,39.0,3,1,0,1,0,1,0,0,0,0,0,0,0,0,0,0,1
685,686,0,2,25.0,41.5792,4,1,0,0,0,1,0,0,0,0,0,0,0,0,0,0,1
686,687,0,3,14.0,39.6875,6,1,0,1,0,1,0,0,0,0,0,0,0,0,0,0,1
687,688,0,3,19.0,10.1708,1,1,0,1,0,1,0,0,0,0,0,0,0,0,0,0,1
688,689,0,3,18.0,7.7958,1,1,0,1,0,1,0,0,0,0,0,0,0,0,0,0,1
689,690,1,1,15.0,211.3375,2,0,0,1,1,0,0,0,0,1,0,0,0,0,0,0,0
690,691,1,1,31.0,57.0,2,1,0,1,0,1,0,0,0,1,0,0,0,0,0,0,0
691,692,1,3,4.0,13.4167,2,0,0,0,1,0,0,0,0,0,0,0,0,0,0,0,1
692,693,1,3,26.0,56.4958,1,1,0,1,0,1,0,0,0,0,0,0,0,0,0,0,1
693,694,0,3,25.0,7.225,1,1,0,0,0,1,0,0,0,0,0,0,0,0,0,0,1
694,695,0,1,60.0,26.55,1,1,0,1,0,0,0,1,0,0,0,0,0,0,0,0,1
695,696,0,2,52.0,13.5,1,1,0,1,0,1,0,0,0,0,0,0,0,0,0,0,1
696,697,0,3,44.0,8.05,1,1,0,1,0,1,0,0,0,0,0,0,0,0,0,0,1
697,698,1,3,18.0,7.7333,1,0,1,0,1,0,0,0,0,0,0,0,0,0,0,0,1
698,699,0,1,49.0,110.8833,3,1,0,0,0,1,0,0,0,0,1,0,0,0,0,0,0
699,700,0,3,42.0,7.65,1,1,0,1,0,1,0,0,0,0,0,0,0,1,0,0,0
700,701,1,1,18.0,227.525,2,0,0,0,0,0,1,0,0,0,1,0,0,0,0,0,0
701,702,1,1,35.0,26.2875,1,1,0,1,0,1,0,0,0,0,0,0,1,0,0,0,0
702,703,0,3,18.0,14.4542,2,0,0,0,1,0,0,0,0,0,0,0,0,0,0,0,1
703,704,0,3,25.0,7.7417,1,1,1,0,0,1,0,0,0,0,0,0,0,0,0,0,1
704,705,0,3,26.0,7.8542,2,1,0,1,0,1,0,0,0,0,0,0,0,0,0,0,1
705,706,0,2,39.0,26.0,1,1,0,1,0,1,0,0,0,0,0,0,0,0,0,0,1
706,707,1,2,45.0,13.5,1,0,0,1,0,0,1,0,0,0,0,0,0,0,0,0,1
707,708,1,1,42.0,26.2875,1,1,0,1,0,1,0,0,0,0,0,0,1,0,0,0,0
708,709,1,1,22.0,151.55,1,0,0,1,1,0,0,0,0,0,0,0,0,0,0,0,1
709,710,1,3,4.0,15.2458,3,1,0,0,0,0,0,0,0,0,0,0,0,0,0,0,1
710,711,1,1,24.0,49.5042,1,0,0,0,1,0,0,0,0,0,1,0,0,0,0,0,0
711,712,0,1,40.0,26.55,1,1,0,1,0,1,0,0,0,0,1,0,0,0,0,0,0
712,713,1,1,48.0,52.0,2,1,0,1,0,1,0,0,0,0,1,0,0,0,0,0,0
713,714,0,3,29.0,9.4833,1,1,0,1,0,1,0,0,0,0,0,0,0,0,0,0,1
714,715,0,2,52.0,13.0,1,1,0,1,0,1,0,0,0,0,0,0,0,0,0,0,1
715,716,0,3,19.0,7.65,1,1,0,1,0,1,0,0,0,0,0,0,0,1,0,0,0
716,717,1,1,38.0,227.525,1,0,0,0,1,0,0,0,0,0,1,0,0,0,0,0,0
717,718,1,2,27.0,10.5,1,0,0,1,1,0,0,0,0,0,0,0,1,0,0,0,0
718,719,0,3,26.0,15.5,1,1,1,0,0,1,0,0,0,0,0,0,0,0,0,0,1
719,720,0,3,33.0,7.775,1,1,0,1,0,1,0,0,0,0,0,0,0,0,0,0,1
720,721,1,2,6.0,33.0,2,0,0,1,1,0,0,0,0,0,0,0,0,0,0,0,1
721,722,0,3,17.0,7.0542,2,1,0,1,0,1,0,0,0,0,0,0,0,0,0,0,1
722,723,0,2,34.0,13.0,1,1,0,1,0,1,0,0,0,0,0,0,0,0,0,0,1
723,724,0,2,50.0,13.0,1,1,0,1,0,1,0,0,0,0,0,0,0,0,0,0,1
724,725,1,1,27.0,53.1,2,1,0,1,0,1,0,0,0,0,0,0,1,0,0,0,0
725,726,0,3,20.0,8.6625,1,1,0,1,0,1,0,0,0,0,0,0,0,0,0,0,1
726,727,1,2,30.0,21.0,4,0,0,1,0,0,1,0,0,0,0,0,0,0,0,0,1
727,728,1,3,18.0,7.7375,1,0,1,0,1,0,0,0,0,0,0,0,0,0,0,0,1
728,729,0,2,25.0,26.0,2,1,0,1,0,1,0,0,0,0,0,0,0,0,0,0,1
729,730,0,3,25.0,7.925,2,0,0,1,1,0,0,0,0,0,0,0,0,0,0,0,1
730,731,1,1,29.0,211.3375,1,0,0,1,1,0,0,0,0,1,0,0,0,0,0,0,0
731,732,0,3,11.0,18.7875,1,1,0,0,0,1,0,0,0,0,0,0,0,0,0,0,1
732,733,0,2,31.0,0.0,1,1,0,1,0,1,0,0,0,0,0,0,0,0,0,0,1
733,734,0,2,23.0,13.0,1,1,0,1,0,1,0,0,0,0,0,0,0,0,0,0,1
734,735,0,2,23.0,13.0,1,1,0,1,0,1,0,0,0,0,0,0,0,0,0,0,1
735,736,0,3,28.5,16.1,1,1,0,1,0,1,0,0,0,0,0,0,0,0,0,0,1
736,737,0,3,48.0,34.375,5,0,0,1,0,0,1,0,0,0,0,0,0,0,0,0,1
737,738,1,1,35.0,512.3292,1,1,0,0,0,1,0,0,0,1,0,0,0,0,0,0,0
738,739,0,3,26.0,7.8958,1,1,0,1,0,1,0,0,0,0,0,0,0,0,0,0,1
739,740,0,3,26.0,7.8958,1,1,0,1,0,1,0,0,0,0,0,0,0,0,0,0,1
740,741,1,1,40.0,30.0,1,1,0,1,0,1,0,0,0,0,0,1,0,0,0,0,0
741,742,0,1,36.0,78.85,2,1,0,1,0,1,0,0,0,0,1,0,0,0,0,0,0
742,743,1,1,21.0,262.375,5,0,0,0,1,0,0,0,0,1,0,0,0,0,0,0,0
743,744,0,3,24.0,16.1,2,1,0,1,0,1,0,0,0,0,0,0,0,0,0,0,1
744,745,1,3,31.0,7.925,1,1,0,1,0,1,0,0,0,0,0,0,0,0,0,0,1
745,746,0,1,70.0,71.0,3,1,0,1,0,0,0,1,0,1,0,0,0,0,0,0,0
746,747,0,3,16.0,20.25,3,1,0,1,0,1,0,0,0,0,0,0,0,0,0,0,1
747,748,1,2,30.0,13.0,1,0,0,1,1,0,0,0,0,0,0,0,0,0,0,0,1
748,749,0,1,19.0,53.1,2,1,0,1,0,1,0,0,0,0,0,1,0,0,0,0,0
749,750,0,3,31.0,7.75,1,1,1,0,0,1,0,0,0,0,0,0,0,0,0,0,1
750,751,1,2,4.0,23.0,3,0,0,1,1,0,0,0,0,0,0,0,0,0,0,0,1
751,752,1,3,6.0,12.475,2,1,0,1,0,0,0,0,0,0,0,0,1,0,0,0,0
752,753,0,3,33.0,9.5,1,1,0,1,0,1,0,0,0,0,0,0,0,0,0,0,1
753,754,0,3,23.0,7.8958,1,1,0,1,0,1,0,0,0,0,0,0,0,0,0,0,1
754,755,1,2,48.0,65.0,4,0,0,1,0,0,1,0,0,0,0,0,0,0,0,0,1
755,756,1,2,0.67,14.5,3,1,0,1,0,0,0,0,0,0,0,0,0,0,0,0,1
756,757,0,3,28.0,7.7958,1,1,0,1,0,1,0,0,0,0,0,0,0,0,0,0,1
757,758,0,2,18.0,11.5,1,1,0,1,0,1,0,0,0,0,0,0,0,0,0,0,1
758,759,0,3,34.0,8.05,1,1,0,1,0,1,0,0,0,0,0,0,0,0,0,0,1
759,760,1,1,33.0,86.5,1,0,0,1,0,0,0,0,0,1,0,0,0,0,0,0,0
760,761,0,3,26.0,14.5,1,1,0,1,0,1,0,0,0,0,0,0,0,0,0,0,1
761,762,0,3,41.0,7.125,1,1,0,1,0,1,0,0,0,0,0,0,0,0,0,0,1
762,763,1,3,20.0,7.2292,1,1,0,0,0,1,0,0,0,0,0,0,0,0,0,0,1
763,764,1,1,36.0,120.0,4,0,0,1,0,0,1,0,0,1,0,0,0,0,0,0,0
764,765,0,3,16.0,7.775,1,1,0,1,0,1,0,0,0,0,0,0,0,0,0,0,1
765,766,1,1,51.0,77.9583,2,0,0,1,0,0,1,0,0,0,0,1,0,0,0,0,0
766,767,0,1,51.0,39.6,1,1,0,0,0,0,0,1,0,0,0,0,0,0,0,0,1
767,768,0,3,30.5,7.75,1,0,1,0,1,0,0,0,0,0,0,0,0,0,0,0,1
768,769,0,3,26.0,24.15,2,1,1,0,0,1,0,0,0,0,0,0,0,0,0,0,1
769,770,0,3,32.0,8.3625,1,1,0,1,0,1,0,0,0,0,0,0,0,0,0,0,1
770,771,0,3,24.0,9.5,1,1,0,1,0,1,0,0,0,0,0,0,0,0,0,0,1
771,772,0,3,48.0,7.8542,1,1,0,1,0,1,0,0,0,0,0,0,0,0,0,0,1
772,773,0,2,57.0,10.5,1,0,0,1,0,0,1,0,0,0,0,0,1,0,0,0,0
773,774,0,3,26.0,7.225,1,1,0,0,0,1,0,0,0,0,0,0,0,0,0,0,1
774,775,1,2,54.0,23.0,5,0,0,1,0,0,1,0,0,0,0,0,0,0,0,0,1
775,776,0,3,18.0,7.75,1,1,0,1,0,1,0,0,0,0,0,0,0,0,0,0,1
776,777,0,3,26.0,7.75,1,1,1,0,0,1,0,0,0,0,0,0,0,1,0,0,0
777,778,1,3,5.0,12.475,1,0,0,1,1,0,0,0,0,0,0,0,0,0,0,0,1
778,779,0,3,26.0,7.7375,1,1,1,0,0,1,0,0,0,0,0,0,0,0,0,0,1
779,780,1,1,43.0,211.3375,2,0,0,1,0,0,1,0,0,1,0,0,0,0,0,0,0
780,781,1,3,13.0,7.2292,1,0,0,0,1,0,0,0,0,0,0,0,0,0,0,0,1
781,782,1,1,17.0,57.0,2,0,0,1,0,0,1,0,0,1,0,0,0,0,0,0,0
782,783,0,1,29.0,30.0,1,1,0,1,0,1,0,0,0,0,0,1,0,0,0,0,0
783,784,0,3,26.0,23.45,4,1,0,1,0,1,0,0,0,0,0,0,0,0,0,0,1
784,785,0,3,25.0,7.05,1,1,0,1,0,1,0,0,0,0,0,0,0,0,0,0,1
785,786,0,3,25.0,7.25,1,1,0,1,0,1,0,0,0,0,0,0,0,0,0,0,1
786,787,1,3,18.0,7.4958,1,0,0,1,1,0,0,0,0,0,0,0,0,0,0,0,1
787,788,0,3,8.0,29.125,6,1,1,0,0,0,0,0,0,0,0,0,0,0,0,0,1
788,789,1,3,1.0,20.575,4,1,0,1,0,0,0,0,0,0,0,0,0,0,0,0,1
789,790,0,1,46.0,79.2,1,1,0,0,0,1,0,0,0,1,0,0,0,0,0,0,0
790,791,0,3,26.0,7.75,1,1,1,0,0,1,0,0,0,0,0,0,0,0,0,0,1
791,792,0,2,16.0,26.0,1,1,0,1,0,1,0,0,0,0,0,0,0,0,0,0,1
792,793,0,3,18.0,69.55,11,0,0,1,1,0,0,0,0,0,0,0,0,0,0,0,1
793,794,0,1,40.0,30.6958,1,1,0,0,0,1,0,0,0,0,0,0,0,0,0,0,1
794,795,0,3,25.0,7.8958,1,1,0,1,0,1,0,0,0,0,0,0,0,0,0,0,1
795,796,0,2,39.0,13.0,1,1,0,1,0,1,0,0,0,0,0,0,0,0,0,0,1
796,797,1,1,49.0,25.9292,1,0,0,1,0,0,0,1,0,0,0,1,0,0,0,0,0
797,798,1,3,31.0,8.6833,1,0,0,1,0,0,1,0,0,0,0,0,0,0,0,0,1
798,799,0,3,30.0,7.2292,1,1,0,0,0,1,0,0,0,0,0,0,0,0,0,0,1
799,800,0,3,30.0,24.15,3,0,0,1,0,0,1,0,0,0,0,0,0,0,0,0,1
800,801,0,2,34.0,13.0,1,1,0,1,0,1,0,0,0,0,0,0,0,0,0,0,1
801,802,1,2,31.0,26.25,3,0,0,1,0,0,1,0,0,0,0,0,0,0,0,0,1
802,803,1,1,11.0,120.0,4,1,0,1,0,0,0,0,0,1,0,0,0,0,0,0,0
803,804,1,3,0.42,8.5167,2,1,0,0,0,0,0,0,0,0,0,0,0,0,0,0,1
804,805,1,3,27.0,6.975,1,1,0,1,0,1,0,0,0,0,0,0,0,0,0,0,1
805,806,0,3,31.0,7.775,1,1,0,1,0,1,0,0,0,0,0,0,0,0,0,0,1
806,807,0,1,39.0,0.0,1,1,0,1,0,1,0,0,0,0,0,0,0,0,0,0,0
807,808,0,3,18.0,7.775,1,0,0,1,1,0,0,0,0,0,0,0,0,0,0,0,1
808,809,0,2,39.0,13.0,1,1,0,1,0,1,0,0,0,0,0,0,0,0,0,0,1
809,810,1,1,33.0,53.1,2,0,0,1,0,0,1,0,0,0,0,0,1,0,0,0,0
810,811,0,3,26.0,7.8875,1,1,0,1,0,1,0,0,0,0,0,0,0,0,0,0,1
811,812,0,3,39.0,24.15,1,1,0,1,0,1,0,0,0,0,0,0,0,0,0,0,1
812,813,0,2,35.0,10.5,1,1,0,1,0,1,0,0,0,0,0,0,0,0,0,0,1
813,814,0,3,6.0,31.275,7,0,0,1,1,0,0,0,0,0,0,0,0,0,0,0,1
814,815,0,3,30.5,8.05,1,1,0,1,0,1,0,0,0,0,0,0,0,0,0,0,1
815,816,0,1,40.0,0.0,1,1,0,1,0,1,0,0,0,1,0,0,0,0,0,0,0
816,817,0,3,23.0,7.925,1,0,0,1,1,0,0,0,0,0,0,0,0,0,0,0,1
817,818,0,2,31.0,37.0042,3,1,0,0,0,1,0,0,0,0,0,0,0,0,0,0,1
818,819,0,3,43.0,6.45,1,1,0,1,0,1,0,0,0,0,0,0,0,0,0,0,1
819,820,0,3,10.0,27.9,6,1,0,1,0,0,0,0,0,0,0,0,0,0,0,0,1
820,821,1,1,52.0,93.5,3,0,0,1,0,0,1,0,0,1,0,0,0,0,0,0,0
821,822,1,3,27.0,8.6625,1,1,0,1,0,1,0,0,0,0,0,0,0,0,0,0,1
822,823,0,1,38.0,0.0,1,1,0,1,0,0,0,0,1,0,0,0,0,0,0,0,1
823,824,1,3,27.0,12.475,2,0,0,1,0,0,1,0,0,0,0,0,1,0,0,0,0
824,825,0,3,2.0,39.6875,6,1,0,1,0,0,0,0,0,0,0,0,0,0,0,0,1
825,826,0,3,26.0,6.95,1,1,1,0,0,1,0,0,0,0,0,0,0,0,0,0,1
826,827,0,3,26.0,56.4958,1,1,0,1,0,1,0,0,0,0,0,0,0,0,0,0,1
827,828,1,2,1.0,37.0042,3,1,0,0,0,0,0,0,0,0,0,0,0,0,0,0,1
828,829,1,3,26.0,7.75,1,1,1,0,0,1,0,0,0,0,0,0,0,0,0,0,1
829,830,1,1,62.0,80.0,1,0,0,1,0,0,1,0,0,1,0,0,0,0,0,0,0
830,831,1,3,15.0,14.4542,2,0,0,0,0,0,1,0,0,0,0,0,0,0,0,0,1
831,832,1,2,0.83,18.75,3,1,0,1,0,0,0,0,0,0,0,0,0,0,0,0,1
832,833,0,3,26.0,7.2292,1,1,0,0,0,1,0,0,0,0,0,0,0,0,0,0,1
833,834,0,3,23.0,7.8542,1,1,0,1,0,1,0,0,0,0,0,0,0,0,0,0,1
834,835,0,3,18.0,8.3,1,1,0,1,0,1,0,0,0,0,0,0,0,0,0,0,1
835,836,1,1,39.0,83.1583,3,0,0,0,1,0,0,0,0,0,0,0,1,0,0,0,0
836,837,0,3,21.0,8.6625,1,1,0,1,0,1,0,0,0,0,0,0,0,0,0,0,1
837,838,0,3,26.0,8.05,1,1,0,1,0,1,0,0,0,0,0,0,0,0,0,0,1
838,839,1,3,32.0,56.4958,1,1,0,1,0,1,0,0,0,0,0,0,0,0,0,0,1
839,840,1,1,40.0,29.7,1,1,0,0,0,1,0,0,0,0,1,0,0,0,0,0,0
840,841,0,3,20.0,7.925,1,1,0,1,0,1,0,0,0,0,0,0,0,0,0,0,1
841,842,0,2,16.0,10.5,1,1,0,1,0,1,0,0,0,0,0,0,0,0,0,0,1
842,843,1,1,30.0,31.0,1,0,0,0,1,0,0,0,0,0,0,0,0,0,0,0,1
843,844,0,3,34.5,6.4375,1,1,0,0,0,1,0,0,0,0,0,0,0,0,0,0,1
844,845,0,3,17.0,8.6625,1,1,0,1,0,1,0,0,0,0,0,0,0,0,0,0,1
845,846,0,3,42.0,7.55,1,1,0,1,0,1,0,0,0,0,0,0,0,0,0,0,1
846,847,0,3,26.0,69.55,11,1,0,1,0,1,0,0,0,0,0,0,0,0,0,0,1
847,848,0,3,35.0,7.8958,1,1,0,0,0,1,0,0,0,0,0,0,0,0,0,0,1
848,849,0,2,28.0,33.0,2,1,0,1,0,0,0,1,0,0,0,0,0,0,0,0,1
849,850,1,1,40.0,89.1042,2,0,0,0,0,0,1,0,0,0,1,0,0,0,0,0,0
850,851,0,3,4.0,31.275,7,1,0,1,0,0,0,0,0,0,0,0,0,0,0,0,1
851,852,0,3,74.0,7.775,1,1,0,1,0,1,0,0,0,0,0,0,0,0,0,0,1
852,853,0,3,9.0,15.2458,3,0,0,0,1,0,0,0,0,0,0,0,0,0,0,0,1
853,854,1,1,16.0,39.4,2,0,0,1,1,0,0,0,0,0,0,1,0,0,0,0,0
854,855,0,2,44.0,26.0,2,0,0,1,0,0,1,0,0,0,0,0,0,0,0,0,1
855,856,1,3,18.0,9.35,2,0,0,1,0,0,1,0,0,0,0,0,0,0,0,0,1
856,857,1,1,45.0,164.8667,3,0,0,1,0,0,1,0,0,0,0,0,0,0,0,0,1
857,858,1,1,51.0,26.55,1,1,0,1,0,1,0,0,0,0,0,0,1,0,0,0,0
858,859,1,3,24.0,19.2583,4,0,0,0,0,0,1,0,0,0,0,0,0,0,0,0,1
859,860,0,3,26.0,7.2292,1,1,0,0,0,1,0,0,0,0,0,0,0,0,0,0,1
860,861,0,3,41.0,14.1083,3,1,0,1,0,1,0,0,0,0,0,0,0,0,0,0,1
861,862,0,2,21.0,11.5,2,1,0,1,0,1,0,0,0,0,0,0,0,0,0,0,1
862,863,1,1,48.0,25.9292,1,0,0,1,0,0,1,0,0,0,0,1,0,0,0,0,0
863,864,0,3,18.0,69.55,11,0,0,1,1,0,0,0,0,0,0,0,0,0,0,0,1
864,865,0,2,24.0,13.0,1,1,0,1,0,1,0,0,0,0,0,0,0,0,0,0,1
865,866,1,2,42.0,13.0,1,0,0,1,0,0,1,0,0,0,0,0,0,0,0,0,1
866,867,1,2,27.0,13.8583,2,0,0,0,1,0,0,0,0,0,0,0,0,0,0,0,1
867,868,0,1,31.0,50.4958,1,1,0,1,0,1,0,0,0,0,0,0,0,0,0,0,0
868,869,0,3,26.0,9.5,1,1,0,1,0,1,0,0,0,0,0,0,0,0,0,0,1
869,870,1,3,4.0,11.1333,3,1,0,1,0,0,0,0,0,0,0,0,0,0,0,0,1
870,871,0,3,26.0,7.8958,1,1,0,1,0,1,0,0,0,0,0,0,0,0,0,0,1
871,872,1,1,47.0,52.5542,3,0,0,1,0,0,1,0,0,0,0,1,0,0,0,0,0
872,873,0,1,33.0,5.0,1,1,0,1,0,1,0,0,0,1,0,0,0,0,0,0,0
873,874,0,3,47.0,9.0,1,1,0,1,0,1,0,0,0,0,0,0,0,0,0,0,1
874,875,1,2,28.0,24.0,2,0,0,0,0,0,1,0,0,0,0,0,0,0,0,0,1
875,876,1,3,15.0,7.225,1,0,0,0,1,0,0,0,0,0,0,0,0,0,0,0,1
876,877,0,3,20.0,9.8458,1,1,0,1,0,1,0,0,0,0,0,0,0,0,0,0,1
877,878,0,3,19.0,7.8958,1,1,0,1,0,1,0,0,0,0,0,0,0,0,0,0,1
878,879,0,3,26.0,7.8958,1,1,0,1,0,1,0,0,0,0,0,0,0,0,0,0,1
879,880,1,1,56.0,83.1583,2,0,0,0,0,0,1,0,0,0,1,0,0,0,0,0,0
880,881,1,2,25.0,26.0,2,0,0,1,0,0,1,0,0,0,0,0,0,0,0,0,1
881,882,0,3,33.0,7.8958,1,1,0,1,0,1,0,0,0,0,0,0,0,0,0,0,1
882,883,0,3,22.0,10.5167,1,0,0,1,1,0,0,0,0,0,0,0,0,0,0,0,1
883,884,0,2,28.0,10.5,1,1,0,1,0,1,0,0,0,0,0,0,0,0,0,0,1
884,885,0,3,25.0,7.05,1,1,0,1,0,1,0,0,0,0,0,0,0,0,0,0,1
885,886,0,3,39.0,29.125,6,0,1,0,0,0,1,0,0,0,0,0,0,0,0,0,1
886,887,0,2,27.0,13.0,1,1,0,1,0,0,0,1,0,0,0,0,0,0,0,0,1
887,888,1,1,19.0,30.0,1,0,0,1,1,0,0,0,0,1,0,0,0,0,0,0,0
888,889,0,3,18.0,23.45,4,0,0,1,1,0,0,0,0,0,0,0,0,0,0,0,1
889,890,1,1,26.0,30.0,1,1,0,0,0,1,0,0,0,0,1,0,0,0,0,0,0
890,891,0,3,32.0,7.75,1,1,1,0,0,1,0,0,0,0,0,0,0,0,0,0,1
